,top_20_accuracy,timestamp,checkpoint_dir_name,done,training_iteration,trial_id,date,time_this_iter_s,time_total_s,pid,hostname,node_ip,time_since_restore,iterations_since_restore,config/alpha,config/colsample_bytree,config/eta,config/eval_metric,config/lambda,config/max_depth,config/min_child_weight,config/objective,config/subsample,logdir
0,0.735,1716670458,,False,1,76b6c433,2024-05-25_22-54-18,0.036003828048706055,0.036003828048706055,44684,DESKTOP-8J3QSBJ,127.0.0.1,0.036003828048706055,1,0.37710668739142306,0.6213875403769145,0.019432949989539847,error,0.07922816472738756,6,2,binary:logistic,0.9211756052335458,76b6c433
1,0.69,1716670571,,False,1,db703612,2024-05-25_22-56-11,0.04803323745727539,0.04803323745727539,5240,DESKTOP-8J3QSBJ,127.0.0.1,0.04803323745727539,1,0.008893438718960481,0.9091321955264571,0.09625870942275712,error,0.16866252615554764,9,4,binary:logistic,0.7221813326564019,db703612
2,0.705,1716670460,,False,1,27d4db66,2024-05-25_22-54-20,0.04199934005737305,0.04199934005737305,37004,DESKTOP-8J3QSBJ,127.0.0.1,0.04199934005737305,1,0.005825533084055269,0.7459656665446974,0.02199000533087251,error,0.0016725157377687153,9,4,binary:logistic,0.753372612679664,27d4db66
3,0.735,1716670462,,False,1,6be324ff,2024-05-25_22-54-22,0.038512468338012695,0.038512468338012695,47364,DESKTOP-8J3QSBJ,127.0.0.1,0.038512468338012695,1,0.0030891434245062066,0.8596377680385743,0.05188614546001073,error,0.0226149548713182,5,3,binary:logistic,0.6905825456545887,6be324ff
4,0.615,1716670463,,False,1,eb881cf8,2024-05-25_22-54-23,0.03600645065307617,0.03600645065307617,14816,DESKTOP-8J3QSBJ,127.0.0.1,0.03600645065307617,1,0.056523052448046215,0.8711252338915607,0.011931392383537994,error,4.44227502857649,4,4,binary:logistic,0.8949089332857304,eb881cf8
5,0.725,1716670464,,False,1,dfa9aeaa,2024-05-25_22-54-24,0.040000200271606445,0.040000200271606445,27896,DESKTOP-8J3QSBJ,127.0.0.1,0.040000200271606445,1,0.0021092902737969354,0.8437241817528637,0.049841507021143025,error,0.2503605759371376,6,1,binary:logistic,0.8037764816072703,dfa9aeaa
6,0.72,1716670573,,False,1,e5972a38,2024-05-25_22-56-13,0.04506993293762207,0.04506993293762207,40336,DESKTOP-8J3QSBJ,127.0.0.1,0.04506993293762207,1,0.004227745180302566,0.5657623323570687,0.03580550806916808,error,0.027693714017826134,9,4,binary:logistic,0.9314704836228429,e5972a38
7,0.735,1716670467,,False,1,388b46f0,2024-05-25_22-54-27,0.03800082206726074,0.03800082206726074,40880,DESKTOP-8J3QSBJ,127.0.0.1,0.03800082206726074,1,0.01686272305693855,0.7236357705432233,0.019234137390503687,error,7.117611060810797,6,5,binary:logistic,0.5604902369449696,388b46f0
8,0.745,1716670468,,False,1,26492194,2024-05-25_22-54-28,0.032999515533447266,0.032999515533447266,37436,DESKTOP-8J3QSBJ,127.0.0.1,0.032999515533447266,1,0.05285015101224202,0.5654674650921732,0.06605240791255483,error,8.535978301559247,6,5,binary:logistic,0.6648350217813912,26492194
9,0.74,1716670470,,False,1,fb49bc4e,2024-05-25_22-54-30,0.036046504974365234,0.036046504974365234,25616,DESKTOP-8J3QSBJ,127.0.0.1,0.036046504974365234,1,3.6776429384352167,0.6760032148694206,0.014465873655938264,error,0.004140732184137303,7,2,binary:logistic,0.8759381682349799,fb49bc4e
10,0.715,1716670471,,False,1,1ae82b5e,2024-05-25_22-54-31,0.03072500228881836,0.03072500228881836,13304,DESKTOP-8J3QSBJ,127.0.0.1,0.03072500228881836,1,1.588212982379167,0.9993633536547248,0.06209585990402825,error,3.4621304910691904,3,3,binary:logistic,0.5075439731796563,1ae82b5e
11,0.72,1716670473,,False,1,8b6666a7,2024-05-25_22-54-33,0.03350949287414551,0.03350949287414551,10728,DESKTOP-8J3QSBJ,127.0.0.1,0.03350949287414551,1,0.03352750558552715,0.5391329265858877,0.027325722130203296,error,0.08728113275343924,6,2,binary:logistic,0.623586015056027,8b6666a7
12,0.715,1716670574,,False,1,d3db3578,2024-05-25_22-56-14,0.030112266540527344,0.030112266540527344,13548,DESKTOP-8J3QSBJ,127.0.0.1,0.030112266540527344,1,0.023348413653764933,0.8406460455650776,0.052115610515759005,error,0.009802219832404995,4,2,binary:logistic,0.7275271149224939,d3db3578
13,0.765,1716670576,,False,1,e2b57895,2024-05-25_22-56-16,0.04711461067199707,0.04711461067199707,4892,DESKTOP-8J3QSBJ,127.0.0.1,0.04711461067199707,1,0.01978543558916816,0.6312269073517074,0.0822123540078534,error,1.537000820381902,10,4,binary:logistic,0.5887006120337933,e2b57895
14,0.715,1716670477,,False,1,4a7d941b,2024-05-25_22-54-37,0.043027400970458984,0.043027400970458984,16132,DESKTOP-8J3QSBJ,127.0.0.1,0.043027400970458984,1,1.1711299388914345,0.685244224131431,0.02957092558281338,error,0.043519959425146776,8,1,binary:logistic,0.9383951285748051,4a7d941b
15,0.7,1716670478,,False,1,6585dd71,2024-05-25_22-54-38,0.06139230728149414,0.06139230728149414,17080,DESKTOP-8J3QSBJ,127.0.0.1,0.06139230728149414,1,0.002905410189188619,0.8681885679238339,0.09647447926905987,error,1.9806921671842268,10,2,binary:logistic,0.6563070169997712,6585dd71
16,0.685,1716670480,,False,1,88ba0e28,2024-05-25_22-54-40,0.031025409698486328,0.031025409698486328,30824,DESKTOP-8J3QSBJ,127.0.0.1,0.031025409698486328,1,0.20719594995370783,0.8884176880942882,0.013648829985521546,error,0.015218033402268644,4,4,binary:logistic,0.7033254202320669,88ba0e28
17,0.685,1716670577,,False,1,3d39e0f1,2024-05-25_22-56-17,0.05241060256958008,0.05241060256958008,33964,DESKTOP-8J3QSBJ,127.0.0.1,0.05241060256958008,1,0.07183120651339917,0.9511125235120497,0.021671294483839837,error,0.007222072146011172,5,5,binary:logistic,0.7567349077712666,3d39e0f1
18,0.645,1716670482,,False,1,80feceb2,2024-05-25_22-54-42,0.030637741088867188,0.030637741088867188,46312,DESKTOP-8J3QSBJ,127.0.0.1,0.030637741088867188,1,9.61061360080123,0.5223678843756026,0.08802590501300754,error,0.0013437758714905622,3,5,binary:logistic,0.7362854024104716,80feceb2
19,0.68,1716670484,,False,1,965243e7,2024-05-25_22-54-44,0.038674354553222656,0.038674354553222656,6584,DESKTOP-8J3QSBJ,127.0.0.1,0.038674354553222656,1,6.024578388080204,0.674200680591137,0.010607434211189619,error,0.1874594611815768,9,3,binary:logistic,0.9384232371879417,965243e7
20,0.735,1716670485,,False,1,0462b7b3,2024-05-25_22-54-45,0.033025503158569336,0.033025503158569336,19612,DESKTOP-8J3QSBJ,127.0.0.1,0.033025503158569336,1,0.030122159827225922,0.8328170988018364,0.02770646288145786,error,0.004653648430301834,3,5,binary:logistic,0.7986963506574698,0462b7b3
21,0.745,1716670486,,False,1,4000c396,2024-05-25_22-54-46,0.035073041915893555,0.035073041915893555,37700,DESKTOP-8J3QSBJ,127.0.0.1,0.035073041915893555,1,0.059287067710250774,0.771886882412169,0.06670819642815282,error,1.5247581427399162,7,5,binary:logistic,0.5030364066729888,4000c396
22,0.71,1716670488,,False,1,c3b7af6c,2024-05-25_22-54-48,0.03586602210998535,0.03586602210998535,37300,DESKTOP-8J3QSBJ,127.0.0.1,0.03586602210998535,1,0.013525570493994166,0.8746113092063368,0.0792540267369995,error,0.010046225963044195,5,5,binary:logistic,0.7357661284480783,c3b7af6c
23,0.725,1716670489,,False,1,c159d0c3,2024-05-25_22-54-49,0.039966583251953125,0.039966583251953125,48572,DESKTOP-8J3QSBJ,127.0.0.1,0.039966583251953125,1,0.001525460524108829,0.5041737451022922,0.03394797763578811,error,0.06839172591111839,9,5,binary:logistic,0.8267071792266902,c159d0c3
24,0.695,1716670491,,False,1,0fe14ec9,2024-05-25_22-54-51,0.040547847747802734,0.040547847747802734,39856,DESKTOP-8J3QSBJ,127.0.0.1,0.040547847747802734,1,0.003240635748811111,0.5071179211616732,0.05260817478832458,error,0.1195302066526856,9,5,binary:logistic,0.9697329333229856,0fe14ec9
25,0.715,1716670579,,False,1,f2ad0184,2024-05-25_22-56-19,0.05105280876159668,0.05105280876159668,28996,DESKTOP-8J3QSBJ,127.0.0.1,0.05105280876159668,1,0.0038737618080529443,0.5791688559245487,0.03825283468761514,error,0.004952750858458154,9,3,binary:logistic,0.9768056475905564,f2ad0184
26,0.74,1716670580,,False,1,53ac2bc0,2024-05-25_22-56-20,0.03745627403259277,0.03745627403259277,37616,DESKTOP-8J3QSBJ,127.0.0.1,0.03745627403259277,1,0.020291920024502988,0.8494790188687741,0.04958085440144104,error,0.6722700974430315,9,5,binary:logistic,0.5740586899248417,53ac2bc0
27,0.685,1716670495,,False,1,edade145,2024-05-25_22-54-55,0.040563344955444336,0.040563344955444336,49492,DESKTOP-8J3QSBJ,127.0.0.1,0.040563344955444336,1,0.004353354338036015,0.87111543920669,0.03311972236669142,error,5.259817666374962,6,2,binary:logistic,0.9510380166749625,edade145
28,0.685,1716670496,,False,1,73863e43,2024-05-25_22-54-56,0.04038238525390625,0.04038238525390625,45624,DESKTOP-8J3QSBJ,127.0.0.1,0.04038238525390625,1,0.37452903484183564,0.7541051634725839,0.07142094692821901,error,0.8531144608442652,9,5,binary:logistic,0.7956007992986326,73863e43
29,0.715,1716670498,,False,1,23beaa69,2024-05-25_22-54-58,0.043030738830566406,0.043030738830566406,40792,DESKTOP-8J3QSBJ,127.0.0.1,0.043030738830566406,1,0.00956855474723946,0.5166596074713449,0.06337763899238918,error,8.219363984319918,9,4,binary:logistic,0.5938758920497827,23beaa69
30,0.72,1716670499,,False,1,226fca48,2024-05-25_22-54-59,0.03902721405029297,0.03902721405029297,1888,DESKTOP-8J3QSBJ,127.0.0.1,0.03902721405029297,1,0.007447917623160727,0.990055665966127,0.0464605528019857,error,3.2869688159500683,8,5,binary:logistic,0.6963931507582529,226fca48
31,0.685,1716670500,,False,1,333eab17,2024-05-25_22-55-00,0.05042457580566406,0.05042457580566406,10612,DESKTOP-8J3QSBJ,127.0.0.1,0.05042457580566406,1,0.0016808099392163277,0.5695467432355971,0.05157136335291876,error,0.0031031646650662883,8,3,binary:logistic,0.9797368515486018,333eab17
32,0.75,1716670582,,False,1,ffbc8548,2024-05-25_22-56-22,0.04640340805053711,0.04640340805053711,45268,DESKTOP-8J3QSBJ,127.0.0.1,0.04640340805053711,1,0.0515922365722236,0.5905823289933898,0.07221569735648711,error,4.195055684832616,6,4,binary:logistic,0.7006719130316994,ffbc8548
33,0.725,1716670503,,False,1,bdce83e0,2024-05-25_22-55-03,0.03909492492675781,0.03909492492675781,21328,DESKTOP-8J3QSBJ,127.0.0.1,0.03909492492675781,1,1.140287710328861,0.5654146084746059,0.020162119883621533,error,0.0012698820569789027,9,3,binary:logistic,0.781075508842767,bdce83e0
34,0.775,1716670583,,False,1,61ac3a62,2024-05-25_22-56-23,0.03770947456359863,0.03770947456359863,17992,DESKTOP-8J3QSBJ,127.0.0.1,0.03770947456359863,1,0.01412317213915314,0.6283631636456032,0.07982559428761704,error,4.850429276874506,7,5,binary:logistic,0.5206583133246508,61ac3a62
35,0.745,1716670506,,False,1,425ab768,2024-05-25_22-55-06,0.03603315353393555,0.03603315353393555,42432,DESKTOP-8J3QSBJ,127.0.0.1,0.03603315353393555,1,0.04213405242665634,0.7506191988753227,0.06615369107636299,error,2.8286839865456144,7,5,binary:logistic,0.5586886026762897,425ab768
36,0.745,1716670585,,False,1,09e80d0a,2024-05-25_22-56-25,0.05313730239868164,0.05313730239868164,33464,DESKTOP-8J3QSBJ,127.0.0.1,0.05313730239868164,1,0.0038068535871084355,0.6353078480880652,0.05701659633034183,error,8.024772674661218,9,5,binary:logistic,0.8371904134801509,09e80d0a
37,0.67,1716670509,,False,1,9030e767,2024-05-25_22-55-09,0.04784369468688965,0.04784369468688965,43156,DESKTOP-8J3QSBJ,127.0.0.1,0.04784369468688965,1,2.7640365774045557,0.9422255986371391,0.046631192285967724,error,0.2511167690325299,9,1,binary:logistic,0.7865483660535662,9030e767
38,0.675,1716670586,,False,1,c7b5e6b9,2024-05-25_22-56-26,0.04467153549194336,0.04467153549194336,19332,DESKTOP-8J3QSBJ,127.0.0.1,0.04467153549194336,1,0.011196693859514226,0.685777362287087,0.010158841780753677,error,0.9026201412718862,3,1,binary:logistic,0.8287834703382528,c7b5e6b9
39,0.725,1716670512,,False,1,c2d814d4,2024-05-25_22-55-12,0.038546085357666016,0.038546085357666016,40600,DESKTOP-8J3QSBJ,127.0.0.1,0.038546085357666016,1,0.011257452941044563,0.7547105867156965,0.05529623978473489,error,0.03863090020984232,3,2,binary:logistic,0.6903760655765465,c2d814d4
40,0.71,1716670588,,False,1,8da87577,2024-05-25_22-56-28,0.04066634178161621,0.04066634178161621,10924,DESKTOP-8J3QSBJ,127.0.0.1,0.04066634178161621,1,0.049212708836623625,0.8209061383151568,0.04978161252485761,error,0.0018949445896980588,3,2,binary:logistic,0.8367555934720345,8da87577
41,0.72,1716670515,,False,1,97f40880,2024-05-25_22-55-15,0.04455709457397461,0.04455709457397461,45040,DESKTOP-8J3QSBJ,127.0.0.1,0.04455709457397461,1,0.002021076073008775,0.9840693099795712,0.07201275941943566,error,0.027334589679319676,9,5,binary:logistic,0.8115371518728667,97f40880
42,0.725,1716670516,,False,1,b5f3812a,2024-05-25_22-55-16,0.03301739692687988,0.03301739692687988,41684,DESKTOP-8J3QSBJ,127.0.0.1,0.03301739692687988,1,0.23140187972364187,0.6969647901930041,0.0396457176723033,error,0.08930034371498055,5,3,binary:logistic,0.8134972897904355,b5f3812a
43,0.74,1716670517,,False,1,3b5b449f,2024-05-25_22-55-17,0.03652024269104004,0.03652024269104004,36264,DESKTOP-8J3QSBJ,127.0.0.1,0.03652024269104004,1,0.0320907069937129,0.9020698843080082,0.0351139266571748,error,0.014904494896735258,8,5,binary:logistic,0.5624015880640958,3b5b449f
44,0.705,1716670519,,False,1,cf7f1245,2024-05-25_22-55-19,0.0390172004699707,0.0390172004699707,8472,DESKTOP-8J3QSBJ,127.0.0.1,0.0390172004699707,1,1.5418027872138909,0.8732844574930947,0.015681483047564188,error,0.015307650115133088,7,4,binary:logistic,0.8929240645014946,cf7f1245
45,0.775,1716670589,,False,1,a8367aa9,2024-05-25_22-56-29,0.031025409698486328,0.031025409698486328,13992,DESKTOP-8J3QSBJ,127.0.0.1,0.031025409698486328,1,0.12655523294221102,0.5753054891381898,0.09545134357373984,error,0.3192422969493789,4,3,binary:logistic,0.5475914168853258,a8367aa9
46,0.7,1716670522,,False,1,3109108f,2024-05-25_22-55-22,0.04253244400024414,0.04253244400024414,40764,DESKTOP-8J3QSBJ,127.0.0.1,0.04253244400024414,1,0.008912230392774246,0.64698236580945,0.07677050433530062,error,0.07452070404258537,9,5,binary:logistic,0.6136943712592315,3109108f
47,0.74,1716670523,,False,1,cbc32f1c,2024-05-25_22-55-23,0.03557538986206055,0.03557538986206055,21312,DESKTOP-8J3QSBJ,127.0.0.1,0.03557538986206055,1,0.13052604804588122,0.5667836453848051,0.07374827972568333,error,2.560958942910192,5,1,binary:logistic,0.5209096492060045,cbc32f1c
48,0.74,1716670524,,False,1,285aa774,2024-05-25_22-55-24,0.04755854606628418,0.04755854606628418,48720,DESKTOP-8J3QSBJ,127.0.0.1,0.04755854606628418,1,0.052465330386991874,0.8370375015245994,0.017263071565147704,error,7.290777582300333,9,5,binary:logistic,0.9853731189602409,285aa774
49,0.73,1716670526,,False,1,8b9c0ca2,2024-05-25_22-55-26,0.03453850746154785,0.03453850746154785,13992,DESKTOP-8J3QSBJ,127.0.0.1,0.03453850746154785,1,0.0035820145131974274,0.7022920347259499,0.04537115758387037,error,7.64821676513074,6,5,binary:logistic,0.8481819237726186,8b9c0ca2
50,0.75,1716670591,,False,1,4563229f,2024-05-25_22-56-31,0.06917142868041992,0.06917142868041992,16284,DESKTOP-8J3QSBJ,127.0.0.1,0.06917142868041992,1,0.007760429427410633,0.6075056624757064,0.09948452214023418,error,1.579843880580976,10,3,binary:logistic,0.74998670289197,4563229f
51,0.74,1716670592,,False,1,6c0509ce,2024-05-25_22-56-32,0.05265045166015625,0.05265045166015625,28772,DESKTOP-8J3QSBJ,127.0.0.1,0.05265045166015625,1,0.014399853748130837,0.9143791599264125,0.09816636246666412,error,0.007275768634792633,9,2,binary:logistic,0.8655094131060312,6c0509ce
52,0.695,1716670530,,False,1,b52fc30d,2024-05-25_22-55-30,0.03853583335876465,0.03853583335876465,32772,DESKTOP-8J3QSBJ,127.0.0.1,0.03853583335876465,1,0.09252713263543498,0.650609084027019,0.03174618028095317,error,0.011284248711308396,8,4,binary:logistic,0.8747341322767219,b52fc30d
53,0.73,1716670531,,False,1,e07299ce,2024-05-25_22-55-31,0.041623830795288086,0.041623830795288086,45124,DESKTOP-8J3QSBJ,127.0.0.1,0.041623830795288086,1,0.0049037195019715155,0.6936907649812913,0.07206212816287161,error,0.7599537596704798,8,3,binary:logistic,0.9375188610760625,e07299ce
54,0.675,1716670533,,False,1,18d76664,2024-05-25_22-55-33,0.034024715423583984,0.034024715423583984,23660,DESKTOP-8J3QSBJ,127.0.0.1,0.034024715423583984,1,0.16943790020789684,0.8610346392087265,0.06817262388356878,error,8.348262913926925,3,3,binary:logistic,0.729475884671916,18d76664
55,0.7,1716670593,,False,1,c24af619,2024-05-25_22-56-33,0.043549299240112305,0.043549299240112305,14940,DESKTOP-8J3QSBJ,127.0.0.1,0.043549299240112305,1,0.008806587338153735,0.9547167999889485,0.09413976610699736,error,0.2273410403145009,8,3,binary:logistic,0.6423824513803642,c24af619
56,0.735,1716670536,,False,1,95d2a40b,2024-05-25_22-55-36,0.04400038719177246,0.04400038719177246,42688,DESKTOP-8J3QSBJ,127.0.0.1,0.04400038719177246,1,0.003888724517727682,0.6017147288194411,0.03776080467126338,error,0.00893615843145168,8,3,binary:logistic,0.9193544007148979,95d2a40b
57,0.685,1716670537,,False,1,92923e01,2024-05-25_22-55-37,0.03927421569824219,0.03927421569824219,42432,DESKTOP-8J3QSBJ,127.0.0.1,0.03927421569824219,1,0.010946012101414018,0.8120011213046714,0.06612506977642345,error,0.008706136085743457,7,2,binary:logistic,0.5125746927518487,92923e01
58,0.73,1716670538,,False,1,070bb993,2024-05-25_22-55-38,0.054633378982543945,0.054633378982543945,29272,DESKTOP-8J3QSBJ,127.0.0.1,0.054633378982543945,1,0.008522343613799353,0.8164375040876161,0.07717363751690554,error,0.0014270368188963921,10,2,binary:logistic,0.9003464177248306,070bb993
59,0.7,1716670595,,False,1,40b91a56,2024-05-25_22-56-35,0.03661775588989258,0.03661775588989258,1404,DESKTOP-8J3QSBJ,127.0.0.1,0.03661775588989258,1,0.02320392569550665,0.6294652891823791,0.021977701489707728,error,2.094259343445953,7,3,binary:logistic,0.7250847549830054,40b91a56
60,0.725,1716670596,,False,1,15e63735,2024-05-25_22-56-36,0.03936266899108887,0.03936266899108887,25500,DESKTOP-8J3QSBJ,127.0.0.1,0.03936266899108887,1,0.004894730412664292,0.8236345594873506,0.07934988240318654,error,0.43852508446743066,7,2,binary:logistic,0.6320821826922699,15e63735
61,0.72,1716670543,,False,1,a5b18991,2024-05-25_22-55-43,0.048589229583740234,0.048589229583740234,13188,DESKTOP-8J3QSBJ,127.0.0.1,0.048589229583740234,1,0.0118370740656258,0.618120913073325,0.014039061570397499,error,2.6826110816994175,8,2,binary:logistic,0.6332430441439386,a5b18991
62,0.7,1716670544,,False,1,37e62d66,2024-05-25_22-55-44,0.04555034637451172,0.04555034637451172,33272,DESKTOP-8J3QSBJ,127.0.0.1,0.04555034637451172,1,0.018110354868672716,0.8663807626264444,0.024519027258887587,error,6.472729047092088,10,3,binary:logistic,0.5992329811610775,37e62d66
63,0.74,1716670598,,False,1,9c5d90b1,2024-05-25_22-56-38,0.04022336006164551,0.04022336006164551,12252,DESKTOP-8J3QSBJ,127.0.0.1,0.04022336006164551,1,0.007043353421204448,0.9444987548683085,0.05468138387219788,error,2.1747419497958407,9,4,binary:logistic,0.5034522435489093,9c5d90b1
64,0.73,1716670547,,False,1,6147ddd1,2024-05-25_22-55-47,0.03406858444213867,0.03406858444213867,25424,DESKTOP-8J3QSBJ,127.0.0.1,0.03406858444213867,1,0.014388819937289906,0.8423221691679371,0.053031020168122216,error,0.0018628223653091073,5,1,binary:logistic,0.7579952388230304,6147ddd1
65,0.705,1716670599,,False,1,9e4a1bd4,2024-05-25_22-56-39,0.035326480865478516,0.035326480865478516,38416,DESKTOP-8J3QSBJ,127.0.0.1,0.035326480865478516,1,0.024990691023850927,0.5103348759756171,0.030064685528726865,error,3.333296545642448,7,3,binary:logistic,0.6398717794031084,9e4a1bd4
66,0.74,1716670600,,False,1,3f8a4d07,2024-05-25_22-56-40,0.040055274963378906,0.040055274963378906,31400,DESKTOP-8J3QSBJ,127.0.0.1,0.040055274963378906,1,0.010482877783565037,0.5821951439506939,0.02667040031177624,error,1.3954523586234973,8,3,binary:logistic,0.7265987392076728,3f8a4d07
67,0.71,1716670551,,False,1,2656af8c,2024-05-25_22-55-51,0.03203439712524414,0.03203439712524414,25432,DESKTOP-8J3QSBJ,127.0.0.1,0.03203439712524414,1,0.008593056467511082,0.9259056601801305,0.06355457022833279,error,1.4448390993368883,5,3,binary:logistic,0.6153348356276231,2656af8c
68,0.725,1716670602,,False,1,7367e77a,2024-05-25_22-56-42,0.04176449775695801,0.04176449775695801,42256,DESKTOP-8J3QSBJ,127.0.0.1,0.04176449775695801,1,0.0044857162170720815,0.7435612394893769,0.06869828194987723,error,0.09994714980966006,7,2,binary:logistic,0.7019748293792236,7367e77a
69,0.72,1716670603,,False,1,df942fcc,2024-05-25_22-56-43,0.03354907035827637,0.03354907035827637,47388,DESKTOP-8J3QSBJ,127.0.0.1,0.03354907035827637,1,0.09816817387850502,0.5540883282698805,0.07035172280519295,error,0.08288442938215705,6,4,binary:logistic,0.5644482305032974,df942fcc
70,0.72,1716670556,,False,1,8c9acde3,2024-05-25_22-55-56,0.04402279853820801,0.04402279853820801,11656,DESKTOP-8J3QSBJ,127.0.0.1,0.04402279853820801,1,0.01360796285940782,0.8248051100769018,0.023982276374557087,error,5.183206855804251,8,2,binary:logistic,0.7589849479955251,8c9acde3
71,0.775,1716670605,,False,1,fdf2131f,2024-05-25_22-56-45,0.06160473823547363,0.06160473823547363,17644,DESKTOP-8J3QSBJ,127.0.0.1,0.06160473823547363,1,0.08649725636871348,0.6942415232612307,0.021721143308963214,error,0.9543378335343219,8,3,binary:logistic,0.6938366425440176,fdf2131f
72,0.72,1716670559,,False,1,34a3d8b1,2024-05-25_22-55-59,0.04418683052062988,0.04418683052062988,34804,DESKTOP-8J3QSBJ,127.0.0.1,0.04418683052062988,1,0.004986165108221114,0.5613520866397239,0.04805534175494195,error,4.154219804237136,10,5,binary:logistic,0.891369469677447,34a3d8b1
73,0.74,1716670560,,False,1,c67fda31,2024-05-25_22-56-00,0.03861069679260254,0.03861069679260254,44704,DESKTOP-8J3QSBJ,127.0.0.1,0.03861069679260254,1,0.0558880300967906,0.9762247387115595,0.07094476745466058,error,0.030442973790797415,4,2,binary:logistic,0.8142173904342183,c67fda31
74,0.71,1716670561,,False,1,b17fdd1e,2024-05-25_22-56-01,0.041046857833862305,0.041046857833862305,20848,DESKTOP-8J3QSBJ,127.0.0.1,0.041046857833862305,1,0.02968894226157858,0.517710794496144,0.0132191865606074,error,1.4244723473257705,8,3,binary:logistic,0.9858236115768355,b17fdd1e
75,0.71,1716670563,,False,1,e4292233,2024-05-25_22-56-03,0.04173731803894043,0.04173731803894043,35548,DESKTOP-8J3QSBJ,127.0.0.1,0.04173731803894043,1,0.031583715733980965,0.7907548737079391,0.016866834639813127,error,0.3039306901220537,7,4,binary:logistic,0.5212131235632662,e4292233
76,0.68,1716670606,,False,1,1bd6e196,2024-05-25_22-56-46,0.03302454948425293,0.03302454948425293,22472,DESKTOP-8J3QSBJ,127.0.0.1,0.03302454948425293,1,0.03598284083145544,0.6455385940611518,0.015825150826380845,error,2.2454037554008663,6,3,binary:logistic,0.8702018073797895,1bd6e196
77,0.75,1716670607,,False,1,8e72fef8,2024-05-25_22-56-47,0.035470008850097656,0.035470008850097656,12772,DESKTOP-8J3QSBJ,127.0.0.1,0.035470008850097656,1,0.013604010604324273,0.9304582765478732,0.08853013386777998,error,0.09218079911027521,6,3,binary:logistic,0.5976483067114022,8e72fef8
78,0.705,1716670567,,False,1,f594ac3e,2024-05-25_22-56-07,0.03849935531616211,0.03849935531616211,8240,DESKTOP-8J3QSBJ,127.0.0.1,0.03849935531616211,1,0.051519505241299855,0.5661471836723507,0.08880834965338655,error,0.3269003276517566,5,3,binary:logistic,0.56715455067023,f594ac3e
79,0.72,1716670568,,False,1,819a58fd,2024-05-25_22-56-08,0.0411224365234375,0.0411224365234375,8608,DESKTOP-8J3QSBJ,127.0.0.1,0.0411224365234375,1,0.09806909843213286,0.6466020193227218,0.0967709341996657,error,0.1055691480578535,8,3,binary:logistic,0.5644348904722415,819a58fd
80,0.77,1716670570,,False,1,cc4e395d,2024-05-25_22-56-10,0.041548967361450195,0.041548967361450195,39868,DESKTOP-8J3QSBJ,127.0.0.1,0.041548967361450195,1,0.06462642105297849,0.9332519352132032,0.04065532209923129,error,2.252924657806468,9,5,binary:logistic,0.5097634446427362,cc4e395d
81,0.71,1716670571,,False,1,f488a10c,2024-05-25_22-56-11,0.04003548622131348,0.04003548622131348,47364,DESKTOP-8J3QSBJ,127.0.0.1,0.04003548622131348,1,0.02438989221940063,0.9819628790725015,0.036247752277290594,error,4.031146917076224,9,5,binary:logistic,0.5185130050650297,f488a10c
82,0.745,1716670573,,False,1,de009bd4,2024-05-25_22-56-13,0.042049407958984375,0.042049407958984375,50712,DESKTOP-8J3QSBJ,127.0.0.1,0.042049407958984375,1,0.06528241036719544,0.5546011184349439,0.03442560454181841,error,0.04845673652696509,8,3,binary:logistic,0.9782944549903123,de009bd4
83,0.725,1716670576,,False,1,bb6aa1a7,2024-05-25_22-56-16,0.03667593002319336,0.03667593002319336,11124,DESKTOP-8J3QSBJ,127.0.0.1,0.03667593002319336,1,0.7340698697238185,0.5384983218711754,0.08639111011457559,error,0.2485811808942463,5,5,binary:logistic,0.559747672758392,bb6aa1a7
84,0.745,1716670579,,False,1,db8e82b7,2024-05-25_22-56-19,0.04498648643493652,0.04498648643493652,18880,DESKTOP-8J3QSBJ,127.0.0.1,0.04498648643493652,1,0.6423809562691871,0.9204982857416987,0.06582482996679023,error,0.004099980445322236,9,5,binary:logistic,0.6789116802870429,db8e82b7
85,0.785,1716670582,,False,1,1e9e3c20,2024-05-25_22-56-22,0.04892539978027344,0.04892539978027344,33784,DESKTOP-8J3QSBJ,127.0.0.1,0.04892539978027344,1,0.053971053630166944,0.9499947414593624,0.012166066023205448,error,2.7148779582365146,9,4,binary:logistic,0.5302395681084775,1e9e3c20
86,0.68,1716670585,,False,1,701c5588,2024-05-25_22-56-25,0.04662728309631348,0.04662728309631348,25740,DESKTOP-8J3QSBJ,127.0.0.1,0.04662728309631348,1,0.11131174240004327,0.5216782827720605,0.06925443897933667,error,0.17003864038637917,7,4,binary:logistic,0.6619701206686349,701c5588
87,0.735,1716670586,,False,1,c0e1f7de,2024-05-25_22-56-26,0.0500485897064209,0.0500485897064209,25228,DESKTOP-8J3QSBJ,127.0.0.1,0.0500485897064209,1,0.19814236111510278,0.8458945537046999,0.022323253358149955,error,0.06103809184280608,5,5,binary:logistic,0.6969941831251896,c0e1f7de
88,0.735,1716670588,,False,1,ed7a2627,2024-05-25_22-56-28,0.04977679252624512,0.04977679252624512,25280,DESKTOP-8J3QSBJ,127.0.0.1,0.04977679252624512,1,0.059825057714183734,0.520102264903467,0.08400265228031088,error,0.01794418457237303,7,4,binary:logistic,0.7105471847560897,ed7a2627
89,0.76,1716670591,,False,1,e6900740,2024-05-25_22-56-31,0.04613900184631348,0.04613900184631348,9484,DESKTOP-8J3QSBJ,127.0.0.1,0.04613900184631348,1,0.11438135858576554,0.6072746255672834,0.07731099600720905,error,0.0037754122809536355,4,5,binary:logistic,0.6302953202743492,e6900740
90,0.705,1716670593,,False,1,af5b7178,2024-05-25_22-56-33,0.04973125457763672,0.04973125457763672,25860,DESKTOP-8J3QSBJ,127.0.0.1,0.04973125457763672,1,0.2572014820521681,0.8673930217794984,0.08999657500897146,error,6.8234489959354665,9,1,binary:logistic,0.9780478929498078,af5b7178
91,0.73,1716670596,,False,1,81e58a61,2024-05-25_22-56-36,0.034041643142700195,0.034041643142700195,17124,DESKTOP-8J3QSBJ,127.0.0.1,0.034041643142700195,1,0.18150066539827917,0.7781331431764902,0.07547895445801672,error,0.023008121418469925,4,4,binary:logistic,0.8089712918136405,81e58a61
92,0.755,1716670599,,False,1,8da14261,2024-05-25_22-56-39,0.030879497528076172,0.030879497528076172,43892,DESKTOP-8J3QSBJ,127.0.0.1,0.030879497528076172,1,0.1579117796979142,0.7120754966790045,0.015545815830397582,error,3.552288928733034,4,3,binary:logistic,0.6378960909746085,8da14261
93,0.7,1716670602,,False,1,46d0633a,2024-05-25_22-56-42,0.03840327262878418,0.03840327262878418,49712,DESKTOP-8J3QSBJ,127.0.0.1,0.03840327262878418,1,0.003040113365496122,0.8111554727416037,0.060955944834256544,error,9.63535393602919,10,4,binary:logistic,0.5456963350514891,46d0633a
94,0.73,1716670605,,False,1,bb015e10,2024-05-25_22-56-45,0.04091691970825195,0.04091691970825195,42776,DESKTOP-8J3QSBJ,127.0.0.1,0.04091691970825195,1,0.010730842233479511,0.6184183760352411,0.02653046002030491,error,3.4967969007792097,4,1,binary:logistic,0.7465844251158236,bb015e10
95,0.745,1716670607,,False,1,a0f82d3f,2024-05-25_22-56-47,0.05316305160522461,0.05316305160522461,7812,DESKTOP-8J3QSBJ,127.0.0.1,0.05316305160522461,1,0.0036751927177185863,0.888318378139497,0.08089516689512102,error,6.172019884566949,10,3,binary:logistic,0.9298671265673828,a0f82d3f
96,0.74,1716670609,,False,1,0785a737,2024-05-25_22-56-49,0.037255048751831055,0.037255048751831055,34216,DESKTOP-8J3QSBJ,127.0.0.1,0.037255048751831055,1,0.012067645543956977,0.6434178432982619,0.09661199758523038,error,1.6517155348295665,6,1,binary:logistic,0.5074333425524076,0785a737
97,0.66,1716670610,,False,1,4ebe4a3b,2024-05-25_22-56-50,0.032190799713134766,0.032190799713134766,6428,DESKTOP-8J3QSBJ,127.0.0.1,0.032190799713134766,1,0.08828607917070612,0.508111411753755,0.01929850039864855,error,0.036620498372385554,3,5,binary:logistic,0.7549911116324655,4ebe4a3b
98,0.74,1716670612,,False,1,6c709908,2024-05-25_22-56-52,0.035413503646850586,0.035413503646850586,33200,DESKTOP-8J3QSBJ,127.0.0.1,0.035413503646850586,1,4.396906284381893,0.5771362436994053,0.01309693187760673,error,0.17788725413279438,5,1,binary:logistic,0.5386900702789323,6c709908
99,0.73,1716670613,,False,1,0904cda5,2024-05-25_22-56-53,0.03831362724304199,0.03831362724304199,15736,DESKTOP-8J3QSBJ,127.0.0.1,0.03831362724304199,1,0.3958169434744725,0.5058288290163129,0.013282921528038099,error,0.8197458712022705,8,5,binary:logistic,0.9639280278827671,0904cda5
100,0.74,1716670614,,False,1,86eb634b,2024-05-25_22-56-54,0.034514665603637695,0.034514665603637695,33272,DESKTOP-8J3QSBJ,127.0.0.1,0.034514665603637695,1,0.14288750610316842,0.9628586772958732,0.02417688729054847,error,0.0010150584901528602,3,5,binary:logistic,0.8833994167255605,86eb634b
101,0.72,1716670616,,False,1,0ef418f5,2024-05-25_22-56-56,0.03820300102233887,0.03820300102233887,42100,DESKTOP-8J3QSBJ,127.0.0.1,0.03820300102233887,1,0.07280412007336207,0.919789733385139,0.028284634075307798,error,0.009002235018353602,6,5,binary:logistic,0.8648413210374815,0ef418f5
102,0.745,1716670617,,False,1,d9a7ee2d,2024-05-25_22-56-57,0.038533687591552734,0.038533687591552734,32888,DESKTOP-8J3QSBJ,127.0.0.1,0.038533687591552734,1,0.0028768162126775678,0.9431837956307676,0.014647711382905576,error,0.027382896277847714,5,2,binary:logistic,0.7277052216290909,d9a7ee2d
103,0.75,1716670619,,False,1,a6e201c0,2024-05-25_22-56-59,0.04052567481994629,0.04052567481994629,9972,DESKTOP-8J3QSBJ,127.0.0.1,0.04052567481994629,1,0.003173852903622774,0.7605865270526343,0.012680242722671304,error,0.0029669014323541465,9,4,binary:logistic,0.5533365172390474,a6e201c0
104,0.725,1716670620,,False,1,24d3235c,2024-05-25_22-57-00,0.03519463539123535,0.03519463539123535,25084,DESKTOP-8J3QSBJ,127.0.0.1,0.03519463539123535,1,0.1416352041515448,0.6556641232094096,0.04733047337710428,error,0.08322789503497874,5,3,binary:logistic,0.5222639451131557,24d3235c
105,0.715,1716670621,,False,1,38c4e42e,2024-05-25_22-57-01,0.03201746940612793,0.03201746940612793,516,DESKTOP-8J3QSBJ,127.0.0.1,0.03201746940612793,1,0.018399767913487863,0.9810809337019776,0.02228731246522488,error,0.004806792442058485,4,5,binary:logistic,0.7268522620297277,38c4e42e
106,0.75,1716670623,,False,1,425078b4,2024-05-25_22-57-03,0.04102349281311035,0.04102349281311035,11776,DESKTOP-8J3QSBJ,127.0.0.1,0.04102349281311035,1,0.04541471984426515,0.6510782569472575,0.021985423096658765,error,8.4458534637709,7,5,binary:logistic,0.94100286985717,425078b4
107,0.75,1716670624,,False,1,7dbaa87d,2024-05-25_22-57-04,0.03661823272705078,0.03661823272705078,8840,DESKTOP-8J3QSBJ,127.0.0.1,0.03661823272705078,1,0.8150889904472034,0.849205951193827,0.012706949214983426,error,0.008681346330541618,6,2,binary:logistic,0.6742971646202407,7dbaa87d
108,0.72,1716670626,,False,1,09a821bb,2024-05-25_22-57-06,0.04316067695617676,0.04316067695617676,42948,DESKTOP-8J3QSBJ,127.0.0.1,0.04316067695617676,1,0.03276899703963426,0.5130944377103532,0.02880196068319005,error,2.759613592053854,9,3,binary:logistic,0.6393210984463347,09a821bb
109,0.755,1716670627,,False,1,50925834,2024-05-25_22-57-07,0.048050642013549805,0.048050642013549805,45624,DESKTOP-8J3QSBJ,127.0.0.1,0.048050642013549805,1,0.01738997481569065,0.9461161527104651,0.053381710832637104,error,0.0773767044541849,10,5,binary:logistic,0.787647375547956,50925834
110,0.715,1716670628,,False,1,c74a46d0,2024-05-25_22-57-08,0.041036367416381836,0.041036367416381836,4892,DESKTOP-8J3QSBJ,127.0.0.1,0.041036367416381836,1,0.06249135851810986,0.995051879121418,0.013596417691000832,error,0.013998797876909035,6,5,binary:logistic,0.9143030260284496,c74a46d0
111,0.76,1716670630,,False,1,fea06e2b,2024-05-25_22-57-10,0.04503655433654785,0.04503655433654785,12544,DESKTOP-8J3QSBJ,127.0.0.1,0.04503655433654785,1,0.01111737436855083,0.9368220032161212,0.023022835141783535,error,0.3843290731689443,9,5,binary:logistic,0.5491406704451564,fea06e2b
112,0.755,1716670631,,False,1,c593cf58,2024-05-25_22-57-11,0.04603219032287598,0.04603219032287598,48920,DESKTOP-8J3QSBJ,127.0.0.1,0.04603219032287598,1,0.004993939352214932,0.8992140344516748,0.09959584771550269,error,0.021225921087129153,10,3,binary:logistic,0.5765745550161034,c593cf58
113,0.685,1716670633,,False,1,4ded2263,2024-05-25_22-57-13,0.03502345085144043,0.03502345085144043,5536,DESKTOP-8J3QSBJ,127.0.0.1,0.03502345085144043,1,9.435170632020942,0.5593261917088302,0.04205767753731964,error,2.241410819263667,10,4,binary:logistic,0.7288601545656579,4ded2263
114,0.705,1716670634,,False,1,dd553bd3,2024-05-25_22-57-14,0.03903627395629883,0.03903627395629883,50960,DESKTOP-8J3QSBJ,127.0.0.1,0.03903627395629883,1,0.010218685114020505,0.8146515702047578,0.04288810394717674,error,0.24393848866806608,9,5,binary:logistic,0.5604747552414565,dd553bd3
115,0.705,1716670635,,False,1,f187b9b5,2024-05-25_22-57-15,0.045526742935180664,0.045526742935180664,41836,DESKTOP-8J3QSBJ,127.0.0.1,0.045526742935180664,1,0.0018725667210927142,0.8441118826589173,0.04110111439502324,error,2.440414965374527,10,5,binary:logistic,0.9444537135719961,f187b9b5
116,0.765,1716670637,,False,1,8fbe0afb,2024-05-25_22-57-17,0.04165482521057129,0.04165482521057129,18116,DESKTOP-8J3QSBJ,127.0.0.1,0.04165482521057129,1,0.867907208043116,0.8930216219307306,0.01109989272430578,error,2.652495645774101,8,1,binary:logistic,0.5401975289469283,8fbe0afb
117,0.725,1716670638,,False,1,79d898d9,2024-05-25_22-57-18,0.038578033447265625,0.038578033447265625,40276,DESKTOP-8J3QSBJ,127.0.0.1,0.038578033447265625,1,0.005390122490558535,0.9894951183744222,0.04769527548525139,error,1.1368061350905934,9,5,binary:logistic,0.5137919245565453,79d898d9
118,0.765,1716670640,,False,1,ae5acb56,2024-05-25_22-57-20,0.03151845932006836,0.03151845932006836,37204,DESKTOP-8J3QSBJ,127.0.0.1,0.03151845932006836,1,0.44391722783097887,0.6130138542415855,0.0746741338655492,error,0.02614446736944647,4,3,binary:logistic,0.6311277582820779,ae5acb56
119,0.705,1716670641,,False,1,3de1bc01,2024-05-25_22-57-21,0.03151750564575195,0.03151750564575195,25868,DESKTOP-8J3QSBJ,127.0.0.1,0.03151750564575195,1,0.04808541965806977,0.8567287884256563,0.027338927826834794,error,0.10163947896058985,4,5,binary:logistic,0.7103195392447197,3de1bc01
120,0.71,1716670642,,False,1,f893ea91,2024-05-25_22-57-22,0.03355240821838379,0.03355240821838379,5616,DESKTOP-8J3QSBJ,127.0.0.1,0.03355240821838379,1,0.7005205106393544,0.7870399050898222,0.04953359901716722,error,0.032106658618708143,6,5,binary:logistic,0.6804555034133486,f893ea91
121,0.735,1716670644,,False,1,2870ce54,2024-05-25_22-57-24,0.03955841064453125,0.03955841064453125,32196,DESKTOP-8J3QSBJ,127.0.0.1,0.03955841064453125,1,0.013772721380429388,0.5962084603279207,0.024816827824123075,error,1.7200232071793968,7,4,binary:logistic,0.7385232342338353,2870ce54
122,0.685,1716670645,,False,1,4f3293e3,2024-05-25_22-57-25,0.038022756576538086,0.038022756576538086,4892,DESKTOP-8J3QSBJ,127.0.0.1,0.038022756576538086,1,0.006130197149864984,0.8476918683431702,0.012900899745011712,error,0.985124685611979,7,5,binary:logistic,0.954559113284522,4f3293e3
123,0.725,1716670647,,False,1,22246ad6,2024-05-25_22-57-27,0.03977656364440918,0.03977656364440918,12544,DESKTOP-8J3QSBJ,127.0.0.1,0.03977656364440918,1,0.1005458973637782,0.5569103621743161,0.04176632952677217,error,0.005677271887944683,7,5,binary:logistic,0.6271423885465496,22246ad6
124,0.755,1716670648,,False,1,9c2a225e,2024-05-25_22-57-28,0.05036020278930664,0.05036020278930664,19020,DESKTOP-8J3QSBJ,127.0.0.1,0.05036020278930664,1,0.00986194947929817,0.9269377255705623,0.09164443790726903,error,0.535547850951447,10,2,binary:logistic,0.7027386335696628,9c2a225e
125,0.73,1716670649,,False,1,ad7e703c,2024-05-25_22-57-29,0.036850690841674805,0.036850690841674805,43088,DESKTOP-8J3QSBJ,127.0.0.1,0.036850690841674805,1,0.04657395690285624,0.5516008225649225,0.033583184289204926,error,8.038149155258253,7,3,binary:logistic,0.5073638512041486,ad7e703c
126,0.73,1716670651,,False,1,2b968031,2024-05-25_22-57-31,0.037514686584472656,0.037514686584472656,15736,DESKTOP-8J3QSBJ,127.0.0.1,0.037514686584472656,1,0.0014885837549368512,0.5457858290740163,0.09062860847329766,error,0.35753471770909273,7,3,binary:logistic,0.6110922249261797,2b968031
127,0.755,1716670652,,False,1,351bc370,2024-05-25_22-57-32,0.04253530502319336,0.04253530502319336,34844,DESKTOP-8J3QSBJ,127.0.0.1,0.04253530502319336,1,0.015397616937888268,0.7669681318086002,0.02675740384719062,error,1.0824172820267939,9,4,binary:logistic,0.6155493439749631,351bc370
128,0.74,1716670654,,False,1,31130e3d,2024-05-25_22-57-34,0.040230512619018555,0.040230512619018555,29140,DESKTOP-8J3QSBJ,127.0.0.1,0.040230512619018555,1,0.002555483627957163,0.680557072072795,0.06310252016357787,error,2.4272937631270604,8,5,binary:logistic,0.8849400804994006,31130e3d
129,0.665,1716670655,,False,1,bdb385ad,2024-05-25_22-57-35,0.03717970848083496,0.03717970848083496,35796,DESKTOP-8J3QSBJ,127.0.0.1,0.03717970848083496,1,2.8775189050101595,0.5362176472393183,0.08768343514397701,error,4.862359917293371,10,4,binary:logistic,0.708127886691386,bdb385ad
130,0.73,1716670656,,False,1,f4965d10,2024-05-25_22-57-36,0.04003643989562988,0.04003643989562988,34216,DESKTOP-8J3QSBJ,127.0.0.1,0.04003643989562988,1,0.0022153567401858292,0.5304086164983355,0.011543433773996574,error,9.791352716479087,10,1,binary:logistic,0.5965979151770411,f4965d10
131,0.765,1716670658,,False,1,549baba6,2024-05-25_22-57-38,0.03965306282043457,0.03965306282043457,19656,DESKTOP-8J3QSBJ,127.0.0.1,0.03965306282043457,1,0.2439871779150585,0.7317848929116867,0.07129849674810382,error,0.030045123843029403,6,4,binary:logistic,0.6099007746197012,549baba6
132,0.775,1716670659,,False,1,eb8c8aac,2024-05-25_22-57-39,0.037541866302490234,0.037541866302490234,4036,DESKTOP-8J3QSBJ,127.0.0.1,0.037541866302490234,1,0.0029170864168426504,0.6639021471393496,0.027246902656046585,error,3.6808472717851988,7,4,binary:logistic,0.6053664724966887,eb8c8aac
133,0.765,1716670661,,False,1,00b2d168,2024-05-25_22-57-41,0.03882932662963867,0.03882932662963867,5512,DESKTOP-8J3QSBJ,127.0.0.1,0.03882932662963867,1,0.09909468364213633,0.8822547644258929,0.023622322817999912,error,3.0311217776663932,8,5,binary:logistic,0.5394430985166168,00b2d168
134,0.73,1716670662,,False,1,9d45f602,2024-05-25_22-57-42,0.04803895950317383,0.04803895950317383,38672,DESKTOP-8J3QSBJ,127.0.0.1,0.04803895950317383,1,0.010175643220285349,0.9576907254335855,0.08197074341245475,error,0.6581153275328425,9,3,binary:logistic,0.6610216770289004,9d45f602
135,0.79,1716670663,,False,1,6a426458,2024-05-25_22-57-43,0.03258252143859863,0.03258252143859863,36000,DESKTOP-8J3QSBJ,127.0.0.1,0.03258252143859863,1,0.04554959222972095,0.6149325329572864,0.04293336102661523,error,0.0070601033293531,6,5,binary:logistic,0.6389727070928582,6a426458
136,0.725,1716670665,,False,1,69744bad,2024-05-25_22-57-45,0.03455305099487305,0.03455305099487305,12176,DESKTOP-8J3QSBJ,127.0.0.1,0.03455305099487305,1,0.1765331960573679,0.9057096430073397,0.031328127803131545,error,0.0034351553317812106,4,1,binary:logistic,0.9283266385952402,69744bad
137,0.755,1716670666,,False,1,5cec634f,2024-05-25_22-57-46,0.03375840187072754,0.03375840187072754,5192,DESKTOP-8J3QSBJ,127.0.0.1,0.03375840187072754,1,0.006437842186493787,0.8254346182360077,0.07941903450934737,error,1.924914395421468,4,1,binary:logistic,0.7602988638287344,5cec634f
138,0.75,1716670668,,False,1,734c6b1d,2024-05-25_22-57-48,0.0415644645690918,0.0415644645690918,21056,DESKTOP-8J3QSBJ,127.0.0.1,0.0415644645690918,1,0.003262711536462913,0.792623659104355,0.09386167600859269,error,5.76497780646104,10,5,binary:logistic,0.9062093326017002,734c6b1d
139,0.72,1716670669,,False,1,55dd2213,2024-05-25_22-57-49,0.03317546844482422,0.03317546844482422,4960,DESKTOP-8J3QSBJ,127.0.0.1,0.03317546844482422,1,0.025300205883922518,0.9693203707957441,0.027889129710404616,error,0.17740317956832294,4,5,binary:logistic,0.687641851302459,55dd2213
140,0.79,1716670670,,False,1,af5593e9,2024-05-25_22-57-50,0.03785276412963867,0.03785276412963867,10148,DESKTOP-8J3QSBJ,127.0.0.1,0.03785276412963867,1,7.10233872546683,0.5536243540284596,0.06956424301439072,error,0.001060966054380471,4,3,binary:logistic,0.5310171391380916,af5593e9
141,0.76,1716670672,,False,1,1a8989d7,2024-05-25_22-57-52,0.031778812408447266,0.031778812408447266,23804,DESKTOP-8J3QSBJ,127.0.0.1,0.031778812408447266,1,0.1574586507374331,0.6330838627447891,0.03403678382153968,error,2.4163013006359417,5,5,binary:logistic,0.6164507111966115,1a8989d7
142,0.72,1716670673,,False,1,9089cd8d,2024-05-25_22-57-53,0.030518531799316406,0.030518531799316406,7524,DESKTOP-8J3QSBJ,127.0.0.1,0.030518531799316406,1,6.6192847767837675,0.5713150716900863,0.03015242878477998,error,2.622802037040941,3,2,binary:logistic,0.6695590161646483,9089cd8d
143,0.745,1716670675,,False,1,26ae06d6,2024-05-25_22-57-55,0.032530784606933594,0.032530784606933594,40828,DESKTOP-8J3QSBJ,127.0.0.1,0.032530784606933594,1,0.06372822598812468,0.559446808211115,0.014197508619909177,error,0.006432988508484605,4,5,binary:logistic,0.6130790919514005,26ae06d6
144,0.79,1716670676,,False,1,fc625da2,2024-05-25_22-57-56,0.03252410888671875,0.03252410888671875,23060,DESKTOP-8J3QSBJ,127.0.0.1,0.03252410888671875,1,0.5540204978214,0.5128245131992246,0.05575301627330299,error,0.21734332109221188,4,3,binary:logistic,0.583399207297238,fc625da2
145,0.715,1716670678,,False,1,683eb702,2024-05-25_22-57-58,0.037085771560668945,0.037085771560668945,32536,DESKTOP-8J3QSBJ,127.0.0.1,0.037085771560668945,1,3.5067745162783726,0.7604844484268989,0.01013499517896648,error,0.23463564810693896,7,3,binary:logistic,0.9645291390971045,683eb702
146,0.75,1716670679,,False,1,c4c2f494,2024-05-25_22-57-59,0.047423362731933594,0.047423362731933594,26008,DESKTOP-8J3QSBJ,127.0.0.1,0.047423362731933594,1,0.0017890041126969992,0.7463148017782821,0.013282752011009265,error,3.329373426904003,9,3,binary:logistic,0.6263366630146414,c4c2f494
147,0.695,1716670681,,False,1,8250602c,2024-05-25_22-58-01,0.031059980392456055,0.031059980392456055,43912,DESKTOP-8J3QSBJ,127.0.0.1,0.031059980392456055,1,0.02967322864869998,0.6001504011926635,0.030854016060970362,error,1.7847361096420136,4,3,binary:logistic,0.6866605709631128,8250602c
148,0.76,1716670682,,False,1,ee34718e,2024-05-25_22-58-02,0.04038238525390625,0.04038238525390625,9812,DESKTOP-8J3QSBJ,127.0.0.1,0.04038238525390625,1,0.016341782680199844,0.7992913927845688,0.05618365391568763,error,1.7541127825658624,10,5,binary:logistic,0.5180522143319639,ee34718e
149,0.745,1716670683,,False,1,31729bf8,2024-05-25_22-58-03,0.038522958755493164,0.038522958755493164,18564,DESKTOP-8J3QSBJ,127.0.0.1,0.038522958755493164,1,0.02474377562227854,0.860466871796055,0.030695513815110657,error,0.010226940996262777,6,3,binary:logistic,0.5964780650291978,31729bf8
150,0.675,1716670685,,False,1,d449a19d,2024-05-25_22-58-05,0.03586173057556152,0.03586173057556152,23496,DESKTOP-8J3QSBJ,127.0.0.1,0.03586173057556152,1,0.07472023067677375,0.6444541227387628,0.05160933332025957,error,4.09701328220481,4,4,binary:logistic,0.6164997731475121,d449a19d
151,0.725,1716670686,,False,1,80e56490,2024-05-25_22-58-06,0.02820587158203125,0.02820587158203125,39868,DESKTOP-8J3QSBJ,127.0.0.1,0.02820587158203125,1,0.616229689806861,0.5816778326049643,0.0659462735797992,error,0.07452775160335982,4,1,binary:logistic,0.9390200691625383,80e56490
152,0.735,1716670688,,False,1,a2568aba,2024-05-25_22-58-08,0.036031246185302734,0.036031246185302734,19728,DESKTOP-8J3QSBJ,127.0.0.1,0.036031246185302734,1,0.00470471184447988,0.8345062308559239,0.04009801366970096,error,2.6153471823619676,9,4,binary:logistic,0.5089852730538058,a2568aba
153,0.75,1716670689,,False,1,0d40a28e,2024-05-25_22-58-09,0.03369426727294922,0.03369426727294922,2588,DESKTOP-8J3QSBJ,127.0.0.1,0.03369426727294922,1,0.15991776608366354,0.9814015539570404,0.030393649183549917,error,0.0034785441041478007,6,4,binary:logistic,0.6508103299122386,0d40a28e
154,0.715,1716670690,,False,1,c2b079e3,2024-05-25_22-58-10,0.03551149368286133,0.03551149368286133,30780,DESKTOP-8J3QSBJ,127.0.0.1,0.03551149368286133,1,0.02072894165989038,0.5027855308720885,0.01708646200350549,error,4.141343883627299,8,3,binary:logistic,0.6780864856735354,c2b079e3
155,0.73,1716670692,,False,1,af0ba8a2,2024-05-25_22-58-12,0.03997516632080078,0.03997516632080078,37572,DESKTOP-8J3QSBJ,127.0.0.1,0.03997516632080078,1,0.0012765061923656967,0.853605804099119,0.011917692121705027,error,1.52370684457696,6,3,binary:logistic,0.6934916708162924,af0ba8a2
156,0.745,1716670693,,False,1,6a03bf73,2024-05-25_22-58-13,0.03503823280334473,0.03503823280334473,27480,DESKTOP-8J3QSBJ,127.0.0.1,0.03503823280334473,1,2.9283291465669206,0.8420619392213807,0.019392521783310957,error,0.019492847354497335,7,5,binary:logistic,0.9177833179992765,6a03bf73
157,0.73,1716670695,,False,1,394ce5a3,2024-05-25_22-58-15,0.04687070846557617,0.04687070846557617,49712,DESKTOP-8J3QSBJ,127.0.0.1,0.04687070846557617,1,0.001367271973361824,0.8784532292481535,0.08830085117338288,error,0.03919399084435911,8,1,binary:logistic,0.690181606648151,394ce5a3
158,0.72,1716670696,,False,1,0d30805e,2024-05-25_22-58-16,0.04053211212158203,0.04053211212158203,50180,DESKTOP-8J3QSBJ,127.0.0.1,0.04053211212158203,1,3.983506733099275,0.5985411159429566,0.051912474045809176,error,0.04822523690297964,10,3,binary:logistic,0.714814065094692,0d30805e
159,0.685,1716670697,,False,1,35dfe877,2024-05-25_22-58-17,0.037805795669555664,0.037805795669555664,44136,DESKTOP-8J3QSBJ,127.0.0.1,0.037805795669555664,1,0.04034442148476138,0.5770340258782924,0.054200166039741204,error,0.026661981589635866,4,3,binary:logistic,0.7522731317974409,35dfe877
160,0.77,1716670699,,False,1,58c30ac6,2024-05-25_22-58-19,0.03903913497924805,0.03903913497924805,27780,DESKTOP-8J3QSBJ,127.0.0.1,0.03903913497924805,1,0.0016567446159475253,0.8088484316864423,0.021380281159199422,error,0.37631387046346115,6,2,binary:logistic,0.9920501017067274,58c30ac6
161,0.705,1716670700,,False,1,7d3ade33,2024-05-25_22-58-20,0.043024301528930664,0.043024301528930664,28080,DESKTOP-8J3QSBJ,127.0.0.1,0.043024301528930664,1,0.0054785943961521135,0.7976798412429151,0.062425090258930414,error,1.3520153774439108,9,3,binary:logistic,0.528330427043571,7d3ade33
162,0.705,1716670701,,False,1,80159e31,2024-05-25_22-58-21,0.034574031829833984,0.034574031829833984,17320,DESKTOP-8J3QSBJ,127.0.0.1,0.034574031829833984,1,2.123980197539831,0.5779649301329741,0.03230170281006896,error,0.005282529645446587,4,2,binary:logistic,0.76170670408447,80159e31
163,0.735,1716670703,,False,1,f21c584c,2024-05-25_22-58-23,0.03053116798400879,0.03053116798400879,45624,DESKTOP-8J3QSBJ,127.0.0.1,0.03053116798400879,1,0.05930988193831226,0.7049717068955951,0.01701193816256836,error,0.0032408022137806903,4,3,binary:logistic,0.5584357775570068,f21c584c
164,0.735,1716670705,,False,1,08c3d401,2024-05-25_22-58-25,0.02951669692993164,0.02951669692993164,46312,DESKTOP-8J3QSBJ,127.0.0.1,0.02951669692993164,1,0.26404006939946234,0.6713403840654135,0.08536796879646344,error,0.0034322711211127945,3,4,binary:logistic,0.6278051094251356,08c3d401
165,0.745,1716670706,,False,1,3bfe7d90,2024-05-25_22-58-26,0.0340268611907959,0.0340268611907959,50712,DESKTOP-8J3QSBJ,127.0.0.1,0.0340268611907959,1,0.30694184408234076,0.5431129293585043,0.07664528867421669,error,0.011897412595552038,5,5,binary:logistic,0.5766007891245224,3bfe7d90
166,0.71,1716670707,,False,1,39b17204,2024-05-25_22-58-27,0.035022735595703125,0.035022735595703125,43224,DESKTOP-8J3QSBJ,127.0.0.1,0.035022735595703125,1,0.033834010785393054,0.7636669400792503,0.02742267073581538,error,0.017572134056002175,6,5,binary:logistic,0.7923505567038629,39b17204
167,0.765,1716670709,,False,1,3ddfa8af,2024-05-25_22-58-29,0.03203082084655762,0.03203082084655762,17780,DESKTOP-8J3QSBJ,127.0.0.1,0.03203082084655762,1,0.044218088031907174,0.5314616150969791,0.07014052547694558,error,0.019891450837543286,5,4,binary:logistic,0.7368834998172167,3ddfa8af
168,0.735,1716670710,,False,1,dffc76a1,2024-05-25_22-58-30,0.0345151424407959,0.0345151424407959,43588,DESKTOP-8J3QSBJ,127.0.0.1,0.0345151424407959,1,0.021544199648238446,0.5551320845196396,0.04974458099293161,error,0.0018633788265981445,4,3,binary:logistic,0.6048140515248095,dffc76a1
169,0.695,1716670712,,False,1,85603773,2024-05-25_22-58-32,0.041838645935058594,0.041838645935058594,14308,DESKTOP-8J3QSBJ,127.0.0.1,0.041838645935058594,1,0.059166527504747005,0.9645286355660021,0.0237500180372685,error,4.207119682183935,9,5,binary:logistic,0.5585621929681979,85603773
170,0.765,1716670713,,False,1,d2eb60ca,2024-05-25_22-58-33,0.036206960678100586,0.036206960678100586,9684,DESKTOP-8J3QSBJ,127.0.0.1,0.036206960678100586,1,0.0025736358029013026,0.7103752465144704,0.050645186606363225,error,0.0048668766351972,6,1,binary:logistic,0.7095616288581046,d2eb60ca
171,0.665,1716670714,,False,1,4de04799,2024-05-25_22-58-34,0.038526058197021484,0.038526058197021484,47736,DESKTOP-8J3QSBJ,127.0.0.1,0.038526058197021484,1,2.844105193476067,0.8626387759628832,0.024613824681408065,error,0.007267580153880797,7,1,binary:logistic,0.5160668822590405,4de04799
172,0.715,1716670716,,False,1,6f0b635d,2024-05-25_22-58-36,0.029672622680664062,0.029672622680664062,6428,DESKTOP-8J3QSBJ,127.0.0.1,0.029672622680664062,1,0.22873171622661734,0.5035734642260474,0.04104609369969107,error,0.010162272866082477,3,3,binary:logistic,0.5589412321341309,6f0b635d
173,0.795,1716670717,,False,1,37ea5ecf,2024-05-25_22-58-37,0.04264187812805176,0.04264187812805176,19716,DESKTOP-8J3QSBJ,127.0.0.1,0.04264187812805176,1,0.012073711548617642,0.8428142699577733,0.07248469716507007,error,0.19078008368531207,10,5,binary:logistic,0.5461739305153228,37ea5ecf
174,0.77,1716670719,,False,1,9920a2ac,2024-05-25_22-58-39,0.040528059005737305,0.040528059005737305,39848,DESKTOP-8J3QSBJ,127.0.0.1,0.040528059005737305,1,0.2256399212941214,0.7121613693676583,0.020876431078652734,error,2.4597961579900467,10,5,binary:logistic,0.574659723489261,9920a2ac
175,0.715,1716670720,,False,1,d93ac3d9,2024-05-25_22-58-40,0.04002094268798828,0.04002094268798828,41416,DESKTOP-8J3QSBJ,127.0.0.1,0.04002094268798828,1,0.05868891915394915,0.6240591615224028,0.03791258057240473,error,5.596022334342043,7,2,binary:logistic,0.6679124125569369,d93ac3d9
176,0.725,1716670721,,False,1,ed756698,2024-05-25_22-58-41,0.03654122352600098,0.03654122352600098,22948,DESKTOP-8J3QSBJ,127.0.0.1,0.03654122352600098,1,0.04404150676002525,0.9300818342327256,0.02152789818015024,error,0.056122151213764924,6,5,binary:logistic,0.7375200260011813,ed756698
177,0.71,1716670723,,False,1,6eb1b222,2024-05-25_22-58-43,0.04404425621032715,0.04404425621032715,23804,DESKTOP-8J3QSBJ,127.0.0.1,0.04404425621032715,1,0.004591135331268538,0.9082747486242029,0.08102904492151171,error,3.3745365514391525,10,3,binary:logistic,0.5023872677329692,6eb1b222
178,0.695,1716670724,,False,1,24322352,2024-05-25_22-58-44,0.035829782485961914,0.035829782485961914,13912,DESKTOP-8J3QSBJ,127.0.0.1,0.035829782485961914,1,0.08101185568082167,0.7972683212503919,0.09277612323458423,error,0.1725938411468182,3,3,binary:logistic,0.5914780245148612,24322352
179,0.755,1716670726,,False,1,b767d80c,2024-05-25_22-58-46,0.03551602363586426,0.03551602363586426,3852,DESKTOP-8J3QSBJ,127.0.0.1,0.03551602363586426,1,0.005930596810087404,0.9896513343918552,0.011147163008363319,error,2.4442076055707402,6,4,binary:logistic,0.615293519494684,b767d80c
180,0.685,1716670727,,False,1,a8056c37,2024-05-25_22-58-47,0.03137493133544922,0.03137493133544922,4232,DESKTOP-8J3QSBJ,127.0.0.1,0.03137493133544922,1,0.3096392266390915,0.6937735989640603,0.07169733629032,error,0.0038246328673085784,3,3,binary:logistic,0.5940912490045873,a8056c37
181,0.71,1716670728,,False,1,461c1cfc,2024-05-25_22-58-48,0.041570425033569336,0.041570425033569336,47388,DESKTOP-8J3QSBJ,127.0.0.1,0.041570425033569336,1,0.3122944390439002,0.9504911373762374,0.03701579359919556,error,0.7503446213440634,6,3,binary:logistic,0.9475307499819893,461c1cfc
182,0.75,1716670730,,False,1,df98e5df,2024-05-25_22-58-50,0.03151988983154297,0.03151988983154297,51096,DESKTOP-8J3QSBJ,127.0.0.1,0.03151988983154297,1,0.046614650913300505,0.561469488676599,0.043308509278492516,error,1.866829132022274,5,5,binary:logistic,0.8117353520173487,df98e5df
183,0.705,1716670731,,False,1,7dd774a1,2024-05-25_22-58-51,0.036969900131225586,0.036969900131225586,22012,DESKTOP-8J3QSBJ,127.0.0.1,0.036969900131225586,1,0.019670530704967434,0.6732556517751487,0.011322215618121523,error,0.5236374486534184,5,1,binary:logistic,0.8746492053136676,7dd774a1
184,0.685,1716670733,,False,1,adbb8c32,2024-05-25_22-58-53,0.038944244384765625,0.038944244384765625,17124,DESKTOP-8J3QSBJ,127.0.0.1,0.038944244384765625,1,0.010639069761541926,0.9943318050758122,0.030241866684864706,error,5.701802787881263,9,4,binary:logistic,0.5216648303012266,adbb8c32
185,0.695,1716670734,,False,1,729b4269,2024-05-25_22-58-54,0.03358626365661621,0.03358626365661621,31580,DESKTOP-8J3QSBJ,127.0.0.1,0.03358626365661621,1,0.03908679333518202,0.9673128606352206,0.030616364399009305,error,0.1471652671986143,4,5,binary:logistic,0.8724498358460184,729b4269
186,0.68,1716670736,,False,1,c5c3710f,2024-05-25_22-58-56,0.040531158447265625,0.040531158447265625,12668,DESKTOP-8J3QSBJ,127.0.0.1,0.040531158447265625,1,0.014444064030908327,0.9815238985082515,0.04039891775195525,error,0.5292375050861778,9,4,binary:logistic,0.5262951632446805,c5c3710f
187,0.7,1716670737,,False,1,67a72a97,2024-05-25_22-58-57,0.034742116928100586,0.034742116928100586,38672,DESKTOP-8J3QSBJ,127.0.0.1,0.034742116928100586,1,4.685134237016938,0.5285038538282082,0.013618096915033554,error,0.05794765424606152,4,3,binary:logistic,0.757803616369054,67a72a97
188,0.685,1716670738,,False,1,0cdbc2a2,2024-05-25_22-58-58,0.0465242862701416,0.0465242862701416,33856,DESKTOP-8J3QSBJ,127.0.0.1,0.0465242862701416,1,0.007336767102454111,0.917562767200076,0.037201020624762056,error,0.25632333378881583,10,4,binary:logistic,0.6645044015869781,0cdbc2a2
189,0.65,1716670740,,False,1,9af43dbe,2024-05-25_22-59-00,0.03176403045654297,0.03176403045654297,46996,DESKTOP-8J3QSBJ,127.0.0.1,0.03176403045654297,1,0.48122556680487294,0.5008871223246576,0.0628606746750559,error,0.12457952076772591,4,3,binary:logistic,0.5845454207182498,9af43dbe
190,0.695,1716670741,,False,1,9a22402d,2024-05-25_22-59-01,0.03655052185058594,0.03655052185058594,19012,DESKTOP-8J3QSBJ,127.0.0.1,0.03655052185058594,1,0.5288931891016566,0.9996865301822063,0.031279655655201286,error,0.17322645626349512,6,2,binary:logistic,0.8060878826809182,9a22402d
191,0.78,1716670743,,False,1,0b1be33b,2024-05-25_22-59-03,0.03601670265197754,0.03601670265197754,7524,DESKTOP-8J3QSBJ,127.0.0.1,0.03601670265197754,1,0.021043274894088537,0.9914767456716906,0.03269409617932082,error,6.55448944553303,7,5,binary:logistic,0.5648384101832387,0b1be33b
192,0.785,1716670744,,False,1,347e9290,2024-05-25_22-59-04,0.03878283500671387,0.03878283500671387,42432,DESKTOP-8J3QSBJ,127.0.0.1,0.03878283500671387,1,0.028588636568381145,0.9454072136143931,0.07027417507564492,error,0.057742782830035595,8,4,binary:logistic,0.5205087870773152,347e9290
193,0.705,1716670746,,False,1,d7f0cd59,2024-05-25_22-59-06,0.05009031295776367,0.05009031295776367,11512,DESKTOP-8J3QSBJ,127.0.0.1,0.05009031295776367,1,0.10504289585902506,0.9961352691791237,0.023967425139055178,error,0.004678273037714214,8,1,binary:logistic,0.8231448842915177,d7f0cd59
194,0.665,1716670747,,False,1,29f7166b,2024-05-25_22-59-07,0.029514074325561523,0.029514074325561523,11960,DESKTOP-8J3QSBJ,127.0.0.1,0.029514074325561523,1,0.002152585651648178,0.9585513951516662,0.02302658379749823,error,0.021399544913091945,3,5,binary:logistic,0.852827637786162,29f7166b
195,0.745,1716670748,,False,1,6ef2e072,2024-05-25_22-59-08,0.04203057289123535,0.04203057289123535,43088,DESKTOP-8J3QSBJ,127.0.0.1,0.04203057289123535,1,0.18952731125854644,0.6783273063003905,0.06666270510089305,error,0.0018205764578543367,3,3,binary:logistic,0.5112147401808027,6ef2e072
196,0.795,1716670750,,False,1,5ac93720,2024-05-25_22-59-10,0.041033267974853516,0.041033267974853516,21328,DESKTOP-8J3QSBJ,127.0.0.1,0.041033267974853516,1,0.0055333707948436155,0.7759907665608139,0.05602575573653853,error,0.6663424460751367,10,5,binary:logistic,0.5712078474106892,5ac93720
197,0.725,1716670751,,False,1,0ca47cb8,2024-05-25_22-59-11,0.04505777359008789,0.04505777359008789,20976,DESKTOP-8J3QSBJ,127.0.0.1,0.04505777359008789,1,0.179209858744038,0.5571737194282589,0.017022506889575763,error,0.1230946399832812,10,2,binary:logistic,0.6596153384094343,0ca47cb8
198,0.76,1716670753,,False,1,95cc0b5d,2024-05-25_22-59-13,0.04424691200256348,0.04424691200256348,25860,DESKTOP-8J3QSBJ,127.0.0.1,0.04424691200256348,1,0.007456689086779535,0.9398980605146053,0.0352170452156727,error,0.05675933753640281,10,4,binary:logistic,0.5019171775762397,95cc0b5d
199,0.695,1716670754,,False,1,209de454,2024-05-25_22-59-14,0.034622907638549805,0.034622907638549805,28236,DESKTOP-8J3QSBJ,127.0.0.1,0.034622907638549805,1,0.31268533194816234,0.6429454954854169,0.07167887263358996,error,0.0013576543606325772,4,4,binary:logistic,0.5050690341599514,209de454
