,custom_score,correct_class_1_predictions,num_features_used,timestamp,checkpoint_dir_name,done,training_iteration,trial_id,date,time_this_iter_s,time_total_s,pid,hostname,node_ip,time_since_restore,iterations_since_restore,config/alpha,config/colsample_bytree,config/colset,config/eta,config/eval_metric,config/lambda,config/max_depth,config/min_child_weight,config/objective,config/subsample,logdir
0,6500.0,142,3,1716980767,,False,1,06334eee,2024-05-29_13-06-07,0.14214563369750977,0.14214563369750977,60188,DESKTOP-8J3QSBJ,127.0.0.1,0.14214563369750977,1,0.003333440598200995,0.5963590724517285,"[101, 102, 105]",0.01913916811755245,error,0.09888085807258887,7,2,binary:logistic,0.9022363087216759,06334eee
1,6550.0,147,4,1716980769,,False,1,c88c53b4,2024-05-29_13-06-09,0.13199973106384277,0.13199973106384277,10912,DESKTOP-8J3QSBJ,127.0.0.1,0.13199973106384277,1,0.34148907556605956,0.8962203883029247,"[100, 101, 102, 103]",0.09027933748534167,error,0.11053882951385308,7,5,binary:logistic,0.8504199579595075,c88c53b4
2,6800.0,156,5,1716980771,,False,1,cb35cdd8,2024-05-29_13-06-11,0.18999981880187988,0.18999981880187988,6804,DESKTOP-8J3QSBJ,127.0.0.1,0.18999981880187988,1,0.002563332006500582,0.7218231634904648,"[100, 101, 102, 103, 105]",0.01344427918398381,error,0.00546890447588938,10,2,binary:logistic,0.6637588308637112,cb35cdd8
3,6650.0,149,4,1716980773,,False,1,0043c127,2024-05-29_13-06-13,0.07399940490722656,0.07399940490722656,15496,DESKTOP-8J3QSBJ,127.0.0.1,0.07399940490722656,1,0.02991086119425733,0.7389620124429297,"[100, 101, 102, 103]",0.012713251502649459,error,0.35201772910563905,5,1,binary:logistic,0.9391249820385585,0043c127
4,6700.0,146,3,1716980775,,False,1,088d1b6a,2024-05-29_13-06-15,0.10200023651123047,0.10200023651123047,45000,DESKTOP-8J3QSBJ,127.0.0.1,0.10200023651123047,1,0.03212598297436445,0.7328019178269016,"[101, 102, 103]",0.03179890191210425,error,0.024815565478531997,9,5,binary:logistic,0.5110933769400801,088d1b6a
5,6400.0,144,4,1716980777,,False,1,ead43c46,2024-05-29_13-06-17,0.10499215126037598,0.10499215126037598,28660,DESKTOP-8J3QSBJ,127.0.0.1,0.10499215126037598,1,1.8066212511040167,0.7487684226674742,"[100, 101, 102, 103]",0.06685751599435961,error,0.01140321228836065,9,4,binary:logistic,0.8686383355153847,ead43c46
6,7000.0,156,4,1716980912,,False,1,b2fa7de9,2024-05-29_13-08-32,0.10400056838989258,0.10400056838989258,33156,DESKTOP-8J3QSBJ,127.0.0.1,0.10400056838989258,1,0.0016805367574164079,0.5672722970463786,"[101, 102, 103, 105]",0.05233939988858317,error,7.380998554187687,6,2,binary:logistic,0.9304399782867332,b2fa7de9
7,6250.0,137,3,1716980780,,False,1,acd58799,2024-05-29_13-06-20,0.09499979019165039,0.09499979019165039,56644,DESKTOP-8J3QSBJ,127.0.0.1,0.09499979019165039,1,0.01642301830622933,0.5331825351897428,"[102, 103, 105]",0.016433804874258946,error,0.3058808101312409,10,5,binary:logistic,0.6700718768876306,acd58799
8,6600.0,148,4,1716980782,,False,1,e9b7c619,2024-05-29_13-06-22,0.1009986400604248,0.1009986400604248,46640,DESKTOP-8J3QSBJ,127.0.0.1,0.1009986400604248,1,0.04617987384673096,0.9753993230341337,"[104, 102, 103, 105]",0.04982216868113807,error,0.0909971945454882,7,5,binary:logistic,0.8828845924475844,e9b7c619
9,6900.0,150,3,1716980914,,False,1,a0e4bc67,2024-05-29_13-08-34,0.06199932098388672,0.06199932098388672,53540,DESKTOP-8J3QSBJ,127.0.0.1,0.06199932098388672,1,0.20862979261281117,0.6119555637717244,"[102, 103, 105]",0.04485685333532037,error,3.5017648943378483,3,1,binary:logistic,0.7045291818707313,a0e4bc67
10,6750.0,151,4,1716980786,,False,1,a5956e79,2024-05-29_13-06-26,0.07500123977661133,0.07500123977661133,24556,DESKTOP-8J3QSBJ,127.0.0.1,0.07500123977661133,1,0.894011621809548,0.7769408399543378,"[104, 102, 103, 105]",0.0956805570370673,error,6.25490682689294,4,5,binary:logistic,0.6009092359075421,a5956e79
11,6800.0,152,4,1716980787,,False,1,ea2bc557,2024-05-29_13-06-27,0.0800013542175293,0.0800013542175293,7016,DESKTOP-8J3QSBJ,127.0.0.1,0.0800013542175293,1,0.3232911059322332,0.6825876620608283,"[101, 102, 103, 105]",0.02026589142722194,error,1.4433054939386327,6,4,binary:logistic,0.5755818168717629,ea2bc557
12,6650.0,145,3,1716980789,,False,1,a1e4d8bd,2024-05-29_13-06-29,0.060294389724731445,0.060294389724731445,44916,DESKTOP-8J3QSBJ,127.0.0.1,0.060294389724731445,1,0.024725206191411272,0.8638057799105239,"[101, 102, 105]",0.011255486101887143,error,0.04920876685001626,3,5,binary:logistic,0.9689311014384481,a1e4d8bd
13,6550.0,147,4,1716980791,,False,1,b2ff80a0,2024-05-29_13-06-31,0.09650564193725586,0.09650564193725586,63020,DESKTOP-8J3QSBJ,127.0.0.1,0.09650564193725586,1,0.24221221584896205,0.9349768965312586,"[104, 102, 103, 105]",0.037340457783061956,error,4.35326574358861,6,1,binary:logistic,0.5692735289723502,b2ff80a0
14,6900.0,154,4,1716980915,,False,1,0e53de7f,2024-05-29_13-08-35,0.10600018501281738,0.10600018501281738,14800,DESKTOP-8J3QSBJ,127.0.0.1,0.10600018501281738,1,0.0022554007669659095,0.9109761568667422,"[101, 102, 103, 105]",0.04596166135901517,error,0.1542666637574539,8,5,binary:logistic,0.8959886102158396,0e53de7f
15,6650.0,145,3,1716980795,,False,1,548f4479,2024-05-29_13-06-35,0.07300019264221191,0.07300019264221191,23608,DESKTOP-8J3QSBJ,127.0.0.1,0.07300019264221191,1,0.0036991224788814926,0.6118384922975237,"[101, 102, 103]",0.013270860205353277,error,1.617668300007871,6,3,binary:logistic,0.5349679978852298,548f4479
16,6850.0,153,4,1716980917,,False,1,ee2dd3e4,2024-05-29_13-08-37,0.08100247383117676,0.08100247383117676,37740,DESKTOP-8J3QSBJ,127.0.0.1,0.08100247383117676,1,0.04136979754912642,0.8091739296458893,"[100, 102, 103, 105]",0.04711570111155445,error,0.010193591403211683,5,2,binary:logistic,0.6143743462993225,ee2dd3e4
17,6650.0,149,4,1716980798,,False,1,07408a99,2024-05-29_13-06-38,0.10800004005432129,0.10800004005432129,47920,DESKTOP-8J3QSBJ,127.0.0.1,0.10800004005432129,1,9.690173249520855,0.5711677504529753,"[100, 101, 102, 105]",0.023844493014996936,error,0.02203975180781767,6,4,binary:logistic,0.8865975117083036,07408a99
18,6600.0,148,4,1716980800,,False,1,11c1d934,2024-05-29_13-06-40,0.08099961280822754,0.08099961280822754,14644,DESKTOP-8J3QSBJ,127.0.0.1,0.08099961280822754,1,5.616400092852906,0.9050540819167794,"[100, 101, 102, 103]",0.08840256697100764,error,0.09486919593652199,4,2,binary:logistic,0.5341248331549917,11c1d934
19,7050.0,157,4,1716980919,,False,1,fd5b54ec,2024-05-29_13-08-39,0.08061933517456055,0.08061933517456055,28488,DESKTOP-8J3QSBJ,127.0.0.1,0.08061933517456055,1,2.1308214260916665,0.8761701870709597,"[101, 102, 103, 105]",0.03151520814935476,error,0.02796184427180999,5,3,binary:logistic,0.703959011512287,fd5b54ec
20,6650.0,145,3,1716980804,,False,1,20ceaae5,2024-05-29_13-06-44,0.07299971580505371,0.07299971580505371,30044,DESKTOP-8J3QSBJ,127.0.0.1,0.07299971580505371,1,2.8147102139171314,0.940669517084542,"[102, 103, 105]",0.011070934133337478,error,0.19165640553549715,5,1,binary:logistic,0.9987898615320092,20ceaae5
21,6950.0,159,5,1716980921,,False,1,7d1265aa,2024-05-29_13-08-41,0.09499883651733398,0.09499883651733398,9672,DESKTOP-8J3QSBJ,127.0.0.1,0.09499883651733398,1,1.8151738364333236,0.7481914400234833,"[100, 104, 102, 103, 105]",0.03215678040869305,error,0.006218892586907157,6,2,binary:logistic,0.5543015001154045,7d1265aa
22,6800.0,148,3,1716980922,,False,1,77bb4f8e,2024-05-29_13-08-42,0.06599974632263184,0.06599974632263184,11296,DESKTOP-8J3QSBJ,127.0.0.1,0.06599974632263184,1,0.9938623459205648,0.8391492837957448,"[101, 102, 103]",0.014164623614007546,error,0.0010429573173185264,4,3,binary:logistic,0.9973427629168445,77bb4f8e
23,6700.0,150,4,1716980809,,False,1,253adaad,2024-05-29_13-06-49,0.0879979133605957,0.0879979133605957,49212,DESKTOP-8J3QSBJ,127.0.0.1,0.0879979133605957,1,0.44707288692819996,0.8981264959754558,"[104, 102, 103, 105]",0.03843014278314442,error,0.018269362590573403,6,4,binary:logistic,0.5766236452068441,253adaad
24,7050.0,157,4,1716980924,,False,1,75b62c3b,2024-05-29_13-08-44,0.06500124931335449,0.06500124931335449,20852,DESKTOP-8J3QSBJ,127.0.0.1,0.06500124931335449,1,0.005419286993545591,0.689361905250927,"[104, 102, 103, 105]",0.06281567393516706,error,2.690235320176583,3,1,binary:logistic,0.6184176069551117,75b62c3b
25,6750.0,147,3,1716980813,,False,1,e34ef6cc,2024-05-29_13-06-53,0.061998605728149414,0.061998605728149414,46296,DESKTOP-8J3QSBJ,127.0.0.1,0.061998605728149414,1,0.20929971568930203,0.5709374005720456,"[101, 102, 103]",0.030847720805277593,error,2.9007732204494694,3,2,binary:logistic,0.6203808157084241,e34ef6cc
26,6500.0,142,3,1716980814,,False,1,a24f6aca,2024-05-29_13-06-54,0.06995487213134766,0.06995487213134766,49000,DESKTOP-8J3QSBJ,127.0.0.1,0.06995487213134766,1,0.004620410442186643,0.5380113360293832,"[101, 103, 105]",0.02829924975202794,error,0.673093678183257,5,3,binary:logistic,0.6919656746994305,a24f6aca
27,6700.0,150,4,1716980816,,False,1,6b28a990,2024-05-29_13-06-56,0.07400321960449219,0.07400321960449219,25852,DESKTOP-8J3QSBJ,127.0.0.1,0.07400321960449219,1,0.0035741696153183127,0.7102139496582781,"[100, 101, 102, 103]",0.04181779718807998,error,0.10467721259820104,5,1,binary:logistic,0.7658331097093682,6b28a990
28,6450.0,141,3,1716980818,,False,1,b414f94c,2024-05-29_13-06-58,0.0839989185333252,0.0839989185333252,39756,DESKTOP-8J3QSBJ,127.0.0.1,0.0839989185333252,1,0.029721381732024574,0.6539269563152743,"[101, 102, 103]",0.022669545753037347,error,0.45249741649218017,8,5,binary:logistic,0.5125468383662319,b414f94c
29,6650.0,149,4,1716980820,,False,1,d22435a7,2024-05-29_13-07-00,0.06300139427185059,0.06300139427185059,21008,DESKTOP-8J3QSBJ,127.0.0.1,0.06300139427185059,1,0.007132541369704847,0.6123646470368349,"[100, 101, 102, 103]",0.012317091480877531,error,0.0041789864572799006,3,5,binary:logistic,0.7425743596454821,d22435a7
30,6900.0,158,5,1716980925,,False,1,85fb8256,2024-05-29_13-08-45,0.10299992561340332,0.10299992561340332,45644,DESKTOP-8J3QSBJ,127.0.0.1,0.10299992561340332,1,5.711550247702363,0.675589661565222,"[100, 101, 102, 103, 105]",0.03157837674267367,error,0.07858010064746025,10,5,binary:logistic,0.6104184570923551,85fb8256
31,6750.0,147,3,1716980823,,False,1,dcec87d0,2024-05-29_13-07-03,0.09499979019165039,0.09499979019165039,24392,DESKTOP-8J3QSBJ,127.0.0.1,0.09499979019165039,1,0.010443760350956772,0.6668048841430694,"[101, 102, 103]",0.028688455966303386,error,0.025715641836259198,7,2,binary:logistic,0.9051044068230916,dcec87d0
32,6650.0,149,4,1716980825,,False,1,9f0d2834,2024-05-29_13-07-05,0.0839986801147461,0.0839986801147461,8376,DESKTOP-8J3QSBJ,127.0.0.1,0.0839986801147461,1,1.2308947841401094,0.7038677447646138,"[104, 102, 103, 105]",0.020526062871001685,error,0.00836871759356714,6,2,binary:logistic,0.5325556498787966,9f0d2834
33,6750.0,151,4,1716980827,,False,1,4537a365,2024-05-29_13-07-07,0.0689992904663086,0.0689992904663086,15028,DESKTOP-8J3QSBJ,127.0.0.1,0.0689992904663086,1,0.024435365816299195,0.7223077560409155,"[100, 101, 102, 103]",0.05094615415868736,error,0.15374421793191484,4,3,binary:logistic,0.6635027869686754,4537a365
34,6700.0,146,3,1716980829,,False,1,91929e4d,2024-05-29_13-07-09,0.0839998722076416,0.0839998722076416,57536,DESKTOP-8J3QSBJ,127.0.0.1,0.0839998722076416,1,0.07910743083107977,0.5270319451725883,"[101, 102, 105]",0.060685805113608944,error,0.0023194750297072806,7,3,binary:logistic,0.73801800396168,91929e4d
35,6800.0,148,3,1716980927,,False,1,a6276b7f,2024-05-29_13-08-47,0.06899857521057129,0.06899857521057129,11900,DESKTOP-8J3QSBJ,127.0.0.1,0.06899857521057129,1,0.3510108765256726,0.5361504803123467,"[101, 102, 103]",0.04707323634993933,error,2.3190460896811755,5,2,binary:logistic,0.8986289974121324,a6276b7f
36,6750.0,151,4,1716980832,,False,1,55051260,2024-05-29_13-07-12,0.06499981880187988,0.06499981880187988,37796,DESKTOP-8J3QSBJ,127.0.0.1,0.06499981880187988,1,0.06468042138616603,0.6685986920183249,"[100, 101, 102, 103]",0.0785938453830139,error,1.0514897443959248,3,2,binary:logistic,0.7757249699111198,55051260
37,6550.0,147,4,1716980834,,False,1,dca0f65a,2024-05-29_13-07-14,0.08700227737426758,0.08700227737426758,13808,DESKTOP-8J3QSBJ,127.0.0.1,0.08700227737426758,1,5.050264031103744,0.7569532245737369,"[104, 102, 103, 105]",0.022409833874241405,error,0.09242956198661169,4,2,binary:logistic,0.7272720589127342,dca0f65a
38,6650.0,149,4,1716980836,,False,1,ae67a903,2024-05-29_13-07-16,0.1119987964630127,0.1119987964630127,52752,DESKTOP-8J3QSBJ,127.0.0.1,0.1119987964630127,1,0.25885814469943214,0.6658138009868892,"[104, 102, 103, 105]",0.021157904452564102,error,0.0013034608756397378,8,1,binary:logistic,0.5355489989539024,ae67a903
39,6750.0,151,4,1716980838,,False,1,802b7f57,2024-05-29_13-07-18,0.08100342750549316,0.08100342750549316,30900,DESKTOP-8J3QSBJ,127.0.0.1,0.08100342750549316,1,0.011994752641655759,0.8346167076288498,"[100, 101, 102, 103]",0.055151613948032197,error,0.056545162517243834,5,2,binary:logistic,0.5759808694792034,802b7f57
40,6900.0,154,4,1716980929,,False,1,0c2fc569,2024-05-29_13-08-49,0.08699846267700195,0.08699846267700195,48528,DESKTOP-8J3QSBJ,127.0.0.1,0.08699846267700195,1,0.014705975077520661,0.6202456421469036,"[100, 101, 102, 103]",0.024278298077651677,error,0.09207596243048727,6,1,binary:logistic,0.6365417680212466,0c2fc569
41,6800.0,152,4,1716980931,,False,1,9a831eae,2024-05-29_13-08-51,0.08199787139892578,0.08199787139892578,34212,DESKTOP-8J3QSBJ,127.0.0.1,0.08199787139892578,1,1.0217824336887518,0.6448972875993839,"[104, 102, 103, 105]",0.01133913359929966,error,0.012266766250290906,5,2,binary:logistic,0.6201487373709083,9a831eae
42,6900.0,154,4,1716980932,,False,1,5d21ea4d,2024-05-29_13-08-52,0.09299874305725098,0.09299874305725098,28804,DESKTOP-8J3QSBJ,127.0.0.1,0.09299874305725098,1,0.279173995521481,0.8338347068487708,"[104, 102, 103, 105]",0.042491278398326726,error,0.1432468844726184,6,3,binary:logistic,0.8740504213036338,5d21ea4d
43,6750.0,147,3,1716980845,,False,1,8cdeba28,2024-05-29_13-07-25,0.06500077247619629,0.06500077247619629,55584,DESKTOP-8J3QSBJ,127.0.0.1,0.06500077247619629,1,0.0023673280690242465,0.6407730437443465,"[101, 102, 103]",0.024196867319231055,error,1.0504178778721525,4,5,binary:logistic,0.5630510624781414,8cdeba28
44,6800.0,152,4,1716980934,,False,1,d6873e17,2024-05-29_13-08-54,0.07099771499633789,0.07099771499633789,33468,DESKTOP-8J3QSBJ,127.0.0.1,0.07099771499633789,1,0.9158280497543246,0.6749318237623421,"[100, 101, 102, 103]",0.029706996835316694,error,0.08995367701557203,4,4,binary:logistic,0.6783019884582286,d6873e17
45,6800.0,152,4,1716980935,,False,1,4aa37c23,2024-05-29_13-08-55,0.07899832725524902,0.07899832725524902,61688,DESKTOP-8J3QSBJ,127.0.0.1,0.07899832725524902,1,0.11054310222986564,0.7796129219647329,"[100, 101, 102, 103]",0.04733361321046584,error,0.018756694061687704,5,4,binary:logistic,0.7156573621608131,4aa37c23
46,6800.0,152,4,1716980937,,False,1,92753f52,2024-05-29_13-08-57,0.07500028610229492,0.07500028610229492,48356,DESKTOP-8J3QSBJ,127.0.0.1,0.07500028610229492,1,0.08278079012985248,0.593683870199076,"[100, 101, 103, 105]",0.014667189589923614,error,0.0020958069147697265,5,4,binary:logistic,0.8458171669775216,92753f52
47,6650.0,145,3,1716980852,,False,1,f150aa16,2024-05-29_13-07-32,0.06299901008605957,0.06299901008605957,54064,DESKTOP-8J3QSBJ,127.0.0.1,0.06299901008605957,1,0.08334967809841833,0.6428074543541896,"[101, 102, 105]",0.012737498364970597,error,0.019995181389084803,4,3,binary:logistic,0.7117220505963637,f150aa16
48,6750.0,155,5,1716980854,,False,1,9c79d4be,2024-05-29_13-07-34,0.06899833679199219,0.06899833679199219,1892,DESKTOP-8J3QSBJ,127.0.0.1,0.06899833679199219,1,0.005207162182201047,0.6056685297326186,"[100, 101, 102, 103, 105]",0.028602855441394487,error,6.772203601661386,3,4,binary:logistic,0.9932918775654589,9c79d4be
49,6600.0,148,4,1716980856,,False,1,19158d1e,2024-05-29_13-07-36,0.07399868965148926,0.07399868965148926,46772,DESKTOP-8J3QSBJ,127.0.0.1,0.07399868965148926,1,2.3012516484437966,0.7374948914654096,"[100, 101, 102, 103]",0.05519712244670278,error,0.02960278701029506,5,3,binary:logistic,0.8861295645798206,19158d1e
50,6750.0,151,4,1716980857,,False,1,b6a06b5b,2024-05-29_13-07-37,0.06499958038330078,0.06499958038330078,64304,DESKTOP-8J3QSBJ,127.0.0.1,0.06499958038330078,1,0.35778743638548355,0.8067977628954008,"[104, 102, 103, 105]",0.03256362187408048,error,0.017740640722089654,3,4,binary:logistic,0.5527540904220245,b6a06b5b
51,6800.0,156,5,1716980939,,False,1,ad7d29bc,2024-05-29_13-08-59,0.07699918746948242,0.07699918746948242,43840,DESKTOP-8J3QSBJ,127.0.0.1,0.07699918746948242,1,0.0093025609032633,0.7926746295609459,"[100, 101, 102, 103, 105]",0.03786463447273291,error,0.0047240222101772545,4,5,binary:logistic,0.5055978085407167,ad7d29bc
52,6700.0,154,5,1716980861,,False,1,e11a10df,2024-05-29_13-07-41,0.07200479507446289,0.07200479507446289,6388,DESKTOP-8J3QSBJ,127.0.0.1,0.07200479507446289,1,0.0024651535532622987,0.5059760706354682,"[100, 101, 102, 103, 105]",0.041323967751856865,error,0.856228938639556,4,3,binary:logistic,0.8649646877891706,e11a10df
53,6950.0,151,3,1716980941,,False,1,5d17010e,2024-05-29_13-09-01,0.060999155044555664,0.060999155044555664,53052,DESKTOP-8J3QSBJ,127.0.0.1,0.060999155044555664,1,0.07012039839628252,0.6487616412958735,"[101, 102, 103]",0.05600096091556554,error,0.8012426248640984,3,1,binary:logistic,0.5886372268958716,5d17010e
54,6850.0,149,3,1716980942,,False,1,a55889aa,2024-05-29_13-09-02,0.06399893760681152,0.06399893760681152,21480,DESKTOP-8J3QSBJ,127.0.0.1,0.06399893760681152,1,0.42947601001972985,0.5493391356153092,"[101, 102, 103]",0.047966107228876516,error,0.3941495286383058,3,1,binary:logistic,0.7650060676462525,a55889aa
55,6500.0,146,4,1716980866,,False,1,1ce6d34c,2024-05-29_13-07-46,0.07699990272521973,0.07699990272521973,33528,DESKTOP-8J3QSBJ,127.0.0.1,0.07699990272521973,1,0.02581993832784605,0.7372950287772201,"[100, 101, 102, 103]",0.046342630823216345,error,0.053053188733243654,5,3,binary:logistic,0.8682304935783569,1ce6d34c
56,6550.0,155,6,1716980868,,False,1,4087dd4e,2024-05-29_13-07-48,0.08899974822998047,0.08899974822998047,42884,DESKTOP-8J3QSBJ,127.0.0.1,0.08899974822998047,1,2.4147185316234903,0.5364502282618467,"[100, 101, 102, 103, 104, 105]",0.019543606262045137,error,1.7160277932588894,6,3,binary:logistic,0.6042937164353404,4087dd4e
57,6650.0,145,3,1716980869,,False,1,a64d0644,2024-05-29_13-07-49,0.10699892044067383,0.10699892044067383,54036,DESKTOP-8J3QSBJ,127.0.0.1,0.10699892044067383,1,0.0033595747489384297,0.9062209806856908,"[101, 102, 105]",0.01514719155052514,error,0.08209606374891741,9,3,binary:logistic,0.6954877633809463,a64d0644
58,6700.0,154,5,1716980871,,False,1,234f7351,2024-05-29_13-07-51,0.0710000991821289,0.0710000991821289,21248,DESKTOP-8J3QSBJ,127.0.0.1,0.0710000991821289,1,0.003376568903896658,0.6605512839889336,"[100, 101, 102, 103, 105]",0.06123277977627112,error,2.2384146902258424,3,3,binary:logistic,0.7919538115138827,234f7351
59,6750.0,147,3,1716980873,,False,1,4c94394e,2024-05-29_13-07-53,0.10499954223632812,0.10499954223632812,31476,DESKTOP-8J3QSBJ,127.0.0.1,0.10499954223632812,1,0.12316978862905476,0.8743576214835495,"[101, 102, 103]",0.021381732969219098,error,0.013409388091105794,8,4,binary:logistic,0.5405161535206628,4c94394e
60,6800.0,152,4,1716980944,,False,1,954f9583,2024-05-29_13-09-04,0.0670020580291748,0.0670020580291748,35560,DESKTOP-8J3QSBJ,127.0.0.1,0.0670020580291748,1,1.5119393427758683,0.8752987590756925,"[104, 102, 103, 105]",0.026790398717562624,error,0.2100957423006599,3,1,binary:logistic,0.7579048805376827,954f9583
61,6800.0,152,4,1716980946,,False,1,94c7f5ec,2024-05-29_13-09-06,0.06900382041931152,0.06900382041931152,15532,DESKTOP-8J3QSBJ,127.0.0.1,0.06900382041931152,1,0.6893453815188841,0.6516816700370125,"[100, 101, 103, 105]",0.01034136761022728,error,1.8148990174361015,4,1,binary:logistic,0.867009786145799,94c7f5ec
62,6850.0,153,4,1716980948,,False,1,e4b69721,2024-05-29_13-09-08,0.09099984169006348,0.09099984169006348,45336,DESKTOP-8J3QSBJ,127.0.0.1,0.09099984169006348,1,0.21420175278937997,0.6809337761766312,"[101, 102, 103, 105]",0.06781829204588892,error,1.8514886341442724,4,5,binary:logistic,0.5815817488130158,e4b69721
63,6400.0,140,3,1716980880,,False,1,550e55a6,2024-05-29_13-08-00,0.08600068092346191,0.08600068092346191,59164,DESKTOP-8J3QSBJ,127.0.0.1,0.08600068092346191,1,0.053598750079172516,0.5087964122408688,"[101, 103, 105]",0.028966200652020897,error,9.322093867813512,8,3,binary:logistic,0.9534693656206235,550e55a6
64,6600.0,144,3,1716980882,,False,1,99b176b2,2024-05-29_13-08-02,0.09399962425231934,0.09399962425231934,58752,DESKTOP-8J3QSBJ,127.0.0.1,0.09399962425231934,1,0.0011293433241009018,0.677021187774171,"[101, 103, 105]",0.043772137271897237,error,9.732977240909738,7,2,binary:logistic,0.7922800255615852,99b176b2
65,6750.0,151,4,1716980884,,False,1,21460417,2024-05-29_13-08-04,0.10300111770629883,0.10300111770629883,63196,DESKTOP-8J3QSBJ,127.0.0.1,0.10300111770629883,1,0.04631195822874306,0.8180451354307634,"[100, 101, 102, 103]",0.04609337695374847,error,2.5678699441331103,7,3,binary:logistic,0.9037885484307099,21460417
66,6550.0,143,3,1716980885,,False,1,fd089538,2024-05-29_13-08-05,0.07199907302856445,0.07199907302856445,53576,DESKTOP-8J3QSBJ,127.0.0.1,0.07199907302856445,1,0.0058492508151861715,0.5700801768419033,"[101, 103, 105]",0.03664006589142127,error,0.8664598773570954,6,2,binary:logistic,0.684355066451431,fd089538
67,6800.0,152,4,1716980949,,False,1,10e1f7b3,2024-05-29_13-09-09,0.07999897003173828,0.07999897003173828,50732,DESKTOP-8J3QSBJ,127.0.0.1,0.07999897003173828,1,6.74785718437081,0.6988226467343732,"[101, 102, 103, 105]",0.02705669501719918,error,2.8250302252390154,9,5,binary:logistic,0.6597746591671053,10e1f7b3
68,6550.0,155,6,1716980889,,False,1,19a0a064,2024-05-29_13-08-09,0.16499948501586914,0.16499948501586914,31920,DESKTOP-8J3QSBJ,127.0.0.1,0.16499948501586914,1,0.0020774096538674633,0.786079358378047,"[100, 101, 102, 103, 104, 105]",0.03247013146846297,error,0.9881242096450499,9,2,binary:logistic,0.6919632083940109,19a0a064
69,6650.0,145,3,1716980890,,False,1,9f2a761d,2024-05-29_13-08-10,0.08500003814697266,0.08500003814697266,10504,DESKTOP-8J3QSBJ,127.0.0.1,0.08500003814697266,1,2.3070165253359503,0.9936725354126567,"[101, 102, 105]",0.01376272587129261,error,0.001969401454651968,7,1,binary:logistic,0.5680641317238493,9f2a761d
70,7050.0,157,4,1716980951,,False,1,4337e3b5,2024-05-29_13-09-11,0.07000041007995605,0.07000041007995605,32444,DESKTOP-8J3QSBJ,127.0.0.1,0.07000041007995605,1,0.002710310256497729,0.7125360885985775,"[101, 102, 103, 105]",0.028241422729494915,error,4.372395337190229,4,2,binary:logistic,0.7003185052320453,4337e3b5
71,6800.0,148,3,1716980952,,False,1,6b216656,2024-05-29_13-09-12,0.0782015323638916,0.0782015323638916,60356,DESKTOP-8J3QSBJ,127.0.0.1,0.0782015323638916,1,0.055603984251492315,0.9310477210731838,"[101, 102, 103]",0.03845628294967663,error,0.013711923704656827,6,4,binary:logistic,0.9965082734783035,6b216656
72,6850.0,153,4,1716980954,,False,1,1c69c043,2024-05-29_13-09-14,0.08999919891357422,0.08999919891357422,33516,DESKTOP-8J3QSBJ,127.0.0.1,0.08999919891357422,1,1.1482733346282996,0.8390264448489486,"[100, 101, 102, 103]",0.03362022718256333,error,0.17167364458938142,6,3,binary:logistic,0.9265092407687164,1c69c043
73,6800.0,152,4,1716980956,,False,1,f4c84ce6,2024-05-29_13-09-16,0.07123112678527832,0.07123112678527832,11492,DESKTOP-8J3QSBJ,127.0.0.1,0.07123112678527832,1,0.22309647937408872,0.6655435398099061,"[100, 101, 102, 103]",0.059986921749247746,error,0.3138336265544034,4,3,binary:logistic,0.5248114076673889,f4c84ce6
74,6400.0,144,4,1716980899,,False,1,b3ce8c42,2024-05-29_13-08-19,0.07700204849243164,0.07700204849243164,40320,DESKTOP-8J3QSBJ,127.0.0.1,0.07700204849243164,1,9.243152482808723,0.8480270339636836,"[100, 101, 102, 103]",0.03379688569307929,error,0.011394160713198815,6,5,binary:logistic,0.7064744858124302,b3ce8c42
75,6600.0,148,4,1716980901,,False,1,0bdc02c7,2024-05-29_13-08-21,0.07000517845153809,0.07000517845153809,34024,DESKTOP-8J3QSBJ,127.0.0.1,0.07000517845153809,1,0.020951727291959498,0.581668172240872,"[100, 101, 102, 103]",0.09482018683496828,error,0.9386428014347987,4,3,binary:logistic,0.7948229003233452,0bdc02c7
76,6650.0,149,4,1716980903,,False,1,28b641bb,2024-05-29_13-08-23,0.09800267219543457,0.09800267219543457,2896,DESKTOP-8J3QSBJ,127.0.0.1,0.09800267219543457,1,0.18082179652761782,0.6669329194597059,"[104, 102, 103, 105]",0.04568893660850785,error,0.001357597476563638,7,2,binary:logistic,0.6233870353306116,28b641bb
77,6700.0,146,3,1716980904,,False,1,e6e69c2e,2024-05-29_13-08-24,0.07800173759460449,0.07800173759460449,33276,DESKTOP-8J3QSBJ,127.0.0.1,0.07800173759460449,1,0.012364914810768584,0.5510282880070975,"[101, 102, 105]",0.030968429932872604,error,0.3404266336999349,6,2,binary:logistic,0.8103911951916538,e6e69c2e
78,6700.0,146,3,1716980906,,False,1,1d6d53e3,2024-05-29_13-08-26,0.09284663200378418,0.09284663200378418,8736,DESKTOP-8J3QSBJ,127.0.0.1,0.09284663200378418,1,0.4291531172874316,0.7371944232326553,"[101, 102, 103]",0.032800745815826794,error,0.014926967840829187,8,3,binary:logistic,0.5120555692988905,1d6d53e3
79,6550.0,143,3,1716980908,,False,1,0f58b5c2,2024-05-29_13-08-28,0.06400012969970703,0.06400012969970703,55168,DESKTOP-8J3QSBJ,127.0.0.1,0.06400012969970703,1,0.0016529644661724078,0.6101005032044342,"[101, 103, 105]",0.03908660925538203,error,0.7925741662376188,4,2,binary:logistic,0.5618178090716276,0f58b5c2
80,6750.0,147,3,1716980910,,True,1,91477909,2024-05-29_13-08-30,0.07199954986572266,0.07199954986572266,47568,DESKTOP-8J3QSBJ,127.0.0.1,0.07199954986572266,1,0.03534905816510476,0.6380447852888812,"[101, 102, 105]",0.026291397121233937,error,0.3115018372145669,5,2,binary:logistic,0.7106128599612219,91477909
81,6750.0,151,4,1716980912,,False,1,97d7dcf7,2024-05-29_13-08-32,0.1340014934539795,0.1340014934539795,43044,DESKTOP-8J3QSBJ,127.0.0.1,0.1340014934539795,1,0.01952005376920748,0.6410134133365207,"[100, 101, 103, 105]",0.03359554463775574,error,0.005547830294907862,10,4,binary:logistic,0.5060960231126708,97d7dcf7
82,6700.0,146,3,1716980914,,False,1,ee1604bc,2024-05-29_13-08-34,0.06400060653686523,0.06400060653686523,7480,DESKTOP-8J3QSBJ,127.0.0.1,0.06400060653686523,1,5.699244265411487,0.8973779807320862,"[102, 103, 105]",0.034414710095289874,error,0.015368916842595743,4,1,binary:logistic,0.7210321115689591,ee1604bc
83,6700.0,150,4,1716980917,,False,1,f35d5717,2024-05-29_13-08-37,0.10300111770629883,0.10300111770629883,7500,DESKTOP-8J3QSBJ,127.0.0.1,0.10300111770629883,1,0.0029104943287194106,0.9169494340715577,"[104, 102, 103, 105]",0.02788585859964277,error,0.7396685413948417,7,5,binary:logistic,0.9444893067126692,f35d5717
84,6350.0,143,4,1716980921,,False,1,fedc10d9,2024-05-29_13-08-41,0.1380009651184082,0.1380009651184082,12976,DESKTOP-8J3QSBJ,127.0.0.1,0.1380009651184082,1,0.09680176803134764,0.8063865971111113,"[100, 101, 102, 103]",0.04196920671625244,error,0.08759923148371053,9,2,binary:logistic,0.9897770858456467,fedc10d9
85,6650.0,149,4,1716980924,,False,1,c1baf8a4,2024-05-29_13-08-44,0.0710000991821289,0.0710000991821289,43208,DESKTOP-8J3QSBJ,127.0.0.1,0.0710000991821289,1,3.715386437201223,0.7425520697146243,"[100, 101, 102, 103]",0.025351353498800955,error,0.38745857582994414,5,4,binary:logistic,0.8380671538933515,c1baf8a4
86,6850.0,153,4,1716980927,,False,1,dd8cb210,2024-05-29_13-08-47,0.06600284576416016,0.06600284576416016,20080,DESKTOP-8J3QSBJ,127.0.0.1,0.06600284576416016,1,0.8373781954841164,0.8868888870887862,"[100, 101, 102, 103]",0.04331585689067765,error,0.3827607680117078,3,4,binary:logistic,0.7733695992044105,dd8cb210
87,6700.0,154,5,1716980931,,False,1,09b8cbc5,2024-05-29_13-08-51,0.06650924682617188,0.06650924682617188,47588,DESKTOP-8J3QSBJ,127.0.0.1,0.06650924682617188,1,0.02263022986754502,0.7684055189394934,"[100, 101, 102, 103, 105]",0.033852654314365495,error,2.1875145664223905,3,3,binary:logistic,0.7107776183538059,09b8cbc5
88,6550.0,147,4,1716980934,,False,1,8d138c8c,2024-05-29_13-08-54,0.12299990653991699,0.12299990653991699,56340,DESKTOP-8J3QSBJ,127.0.0.1,0.12299990653991699,1,0.016792843980701955,0.9677090957985497,"[100, 101, 102, 103]",0.049815473201513666,error,0.06249736339192755,9,3,binary:logistic,0.7110395119349813,8d138c8c
89,6550.0,147,4,1716980938,,False,1,e322f8cb,2024-05-29_13-08-58,0.0969996452331543,0.0969996452331543,56148,DESKTOP-8J3QSBJ,127.0.0.1,0.0969996452331543,1,0.9728262469524347,0.7273176375695376,"[104, 102, 103, 105]",0.04058051118551788,error,0.004878329389885761,7,1,binary:logistic,0.5644677038013908,e322f8cb
90,6900.0,154,4,1716980941,,False,1,aa47b97c,2024-05-29_13-09-01,0.10499906539916992,0.10499906539916992,26572,DESKTOP-8J3QSBJ,127.0.0.1,0.10499906539916992,1,2.7286177348246814,0.5872091314348014,"[100, 101, 102, 105]",0.031615621453489166,error,0.020997806245987984,9,4,binary:logistic,0.6697665725826816,aa47b97c
91,6750.0,147,3,1716980944,,False,1,e5136e24,2024-05-29_13-09-04,0.09599852561950684,0.09599852561950684,2012,DESKTOP-8J3QSBJ,127.0.0.1,0.09599852561950684,1,0.012760005018435383,0.8613992428675923,"[101, 102, 105]",0.013731115367323962,error,3.4490302784806657,9,4,binary:logistic,0.5361247363032184,e5136e24
92,6700.0,150,4,1716980948,,False,1,819e48c8,2024-05-29_13-09-08,0.07500004768371582,0.07500004768371582,20288,DESKTOP-8J3QSBJ,127.0.0.1,0.07500004768371582,1,0.0865887080535485,0.6683538408700336,"[100, 101, 102, 103]",0.07604507581457531,error,0.2088256944660777,5,4,binary:logistic,0.5101003547977762,819e48c8
93,6750.0,151,4,1716980951,,False,1,d42b0bca,2024-05-29_13-09-11,0.06799960136413574,0.06799960136413574,37112,DESKTOP-8J3QSBJ,127.0.0.1,0.06799960136413574,1,0.011377173901784336,0.6612990182771986,"[100, 101, 102, 103]",0.03734634836461414,error,2.5845454638055836,4,1,binary:logistic,0.6754471750791446,d42b0bca
94,6550.0,143,3,1716980954,,False,1,ee4f3a05,2024-05-29_13-09-14,0.06399965286254883,0.06399965286254883,61604,DESKTOP-8J3QSBJ,127.0.0.1,0.06399965286254883,1,0.047090158843095364,0.5630254686014246,"[101, 103, 105]",0.0633133572395209,error,5.9253868700457755,3,2,binary:logistic,0.5132591212845272,ee4f3a05
95,6700.0,146,3,1716980957,,False,1,d437e851,2024-05-29_13-09-17,0.08299994468688965,0.08299994468688965,56368,DESKTOP-8J3QSBJ,127.0.0.1,0.08299994468688965,1,1.0693813103314032,0.9718729626199962,"[101, 103, 105]",0.04664662089013369,error,0.0021794332045101767,7,5,binary:logistic,0.5553079562393444,d437e851
96,6450.0,145,4,1716980959,,False,1,a0efd7b6,2024-05-29_13-09-19,0.1249992847442627,0.1249992847442627,47700,DESKTOP-8J3QSBJ,127.0.0.1,0.1249992847442627,1,0.002978206989607464,0.8287879762817386,"[100, 101, 102, 103]",0.04534322142239105,error,0.00784105986907649,10,5,binary:logistic,0.9684811522461023,a0efd7b6
97,6150.0,147,6,1716980961,,False,1,4e3d21ea,2024-05-29_13-09-21,0.09400010108947754,0.09400010108947754,4996,DESKTOP-8J3QSBJ,127.0.0.1,0.09400010108947754,1,5.390649303789724,0.9441159366111815,"[100, 101, 102, 103, 104, 105]",0.05433828848157207,error,0.16674854270435618,5,1,binary:logistic,0.7524388030675733,4e3d21ea
98,6650.0,153,5,1716980963,,False,1,ddc1d90d,2024-05-29_13-09-23,0.13000249862670898,0.13000249862670898,33400,DESKTOP-8J3QSBJ,127.0.0.1,0.13000249862670898,1,0.7814543480100138,0.7703383154572949,"[100, 101, 102, 103, 105]",0.02932806508569088,error,0.004297443478392382,10,5,binary:logistic,0.7892031966498947,ddc1d90d
99,6700.0,154,5,1716980964,,False,1,d256ef39,2024-05-29_13-09-24,0.06400299072265625,0.06400299072265625,56540,DESKTOP-8J3QSBJ,127.0.0.1,0.06400299072265625,1,0.0016074776894321053,0.6723285655331619,"[100, 101, 102, 103, 105]",0.06852223165641538,error,7.294874998280862,3,1,binary:logistic,0.8623469172649767,d256ef39
100,6500.0,142,3,1716980966,,False,1,915468df,2024-05-29_13-09-26,0.07899880409240723,0.07899880409240723,5608,DESKTOP-8J3QSBJ,127.0.0.1,0.07899880409240723,1,0.041306913482423595,0.6520499391149179,"[101, 102, 105]",0.040261583389060884,error,1.96274234621229,7,2,binary:logistic,0.7551622949223951,915468df
101,6650.0,149,4,1716980968,,False,1,bdff3797,2024-05-29_13-09-28,0.08099961280822754,0.08099961280822754,57644,DESKTOP-8J3QSBJ,127.0.0.1,0.08099961280822754,1,0.08235768404498195,0.8197065843532483,"[104, 102, 103, 105]",0.07950382992315726,error,2.0436781877948214,5,5,binary:logistic,0.6908006754659735,bdff3797
102,6600.0,144,3,1716980970,,False,1,ea035d24,2024-05-29_13-09-30,0.05999946594238281,0.05999946594238281,51536,DESKTOP-8J3QSBJ,127.0.0.1,0.05999946594238281,1,5.208869860260798,0.537357149305625,"[101, 102, 105]",0.026390378715935952,error,0.23021712583870413,4,5,binary:logistic,0.8687828906324573,ea035d24
103,6700.0,146,3,1716980971,,False,1,61e249b6,2024-05-29_13-09-31,0.09199953079223633,0.09199953079223633,35040,DESKTOP-8J3QSBJ,127.0.0.1,0.09199953079223633,1,0.05830938002055086,0.7205915361706843,"[101, 102, 103]",0.035386063628053396,error,0.08014565481958445,7,2,binary:logistic,0.6174201039841496,61e249b6
104,6700.0,150,4,1716980973,,False,1,367543c2,2024-05-29_13-09-33,0.07799959182739258,0.07799959182739258,60284,DESKTOP-8J3QSBJ,127.0.0.1,0.07799959182739258,1,1.1913156682722439,0.7271747466343461,"[100, 101, 102, 103]",0.03827839478746966,error,2.2259942312827232,6,5,binary:logistic,0.5787400611137082,367543c2
105,6800.0,152,4,1716980975,,False,1,3c0d3a9c,2024-05-29_13-09-35,0.07399868965148926,0.07399868965148926,20456,DESKTOP-8J3QSBJ,127.0.0.1,0.07399868965148926,1,0.634734376245183,0.8191730630307795,"[100, 101, 102, 105]",0.07144326408494933,error,0.002999942732207178,4,2,binary:logistic,0.9966663814718164,3c0d3a9c
106,6750.0,147,3,1716980977,,False,1,3bebb2e7,2024-05-29_13-09-37,0.07320404052734375,0.07320404052734375,35660,DESKTOP-8J3QSBJ,127.0.0.1,0.07320404052734375,1,0.003310633469035953,0.6454971214442511,"[101, 103, 105]",0.029491743980143856,error,0.023612166221048805,6,5,binary:logistic,0.5740542767952603,3bebb2e7
107,6600.0,156,6,1716980978,,False,1,f3a6dd65,2024-05-29_13-09-38,0.16499972343444824,0.16499972343444824,31436,DESKTOP-8J3QSBJ,127.0.0.1,0.16499972343444824,1,0.0033028253355572475,0.8209940182610632,"[100, 101, 102, 103, 104, 105]",0.013942540157287485,error,0.23280810256432896,10,4,binary:logistic,0.8450617384571272,f3a6dd65
108,6700.0,150,4,1716980980,,False,1,50ab5951,2024-05-29_13-09-40,0.09499979019165039,0.09499979019165039,62440,DESKTOP-8J3QSBJ,127.0.0.1,0.09499979019165039,1,0.029718610210715736,0.6433337649455424,"[104, 102, 103, 105]",0.037985091140423005,error,0.020597807271949008,7,2,binary:logistic,0.5172429891069721,50ab5951
109,6900.0,150,3,1716980982,,False,1,769c97a3,2024-05-29_13-09-42,0.07099795341491699,0.07099795341491699,51336,DESKTOP-8J3QSBJ,127.0.0.1,0.07099795341491699,1,0.0020541895247125435,0.5061571621164156,"[101, 102, 105]",0.017974095566568413,error,0.3566179035465341,6,4,binary:logistic,0.8215669570045516,769c97a3
110,6900.0,154,4,1716980983,,False,1,2bc23871,2024-05-29_13-09-43,0.0709993839263916,0.0709993839263916,6628,DESKTOP-8J3QSBJ,127.0.0.1,0.0709993839263916,1,0.1747815248317442,0.7090318640378187,"[100, 101, 102, 103]",0.04218202433581998,error,0.1224427960907742,4,3,binary:logistic,0.5990550087129057,2bc23871
111,6450.0,141,3,1716980985,,False,1,64e2d86a,2024-05-29_13-09-45,0.06399989128112793,0.06399989128112793,35844,DESKTOP-8J3QSBJ,127.0.0.1,0.06399989128112793,1,0.018870421794329167,0.5984936161114355,"[101, 103, 105]",0.029392844701292463,error,4.648322714979631,4,3,binary:logistic,0.7852434531618633,64e2d86a
112,6550.0,147,4,1716980987,,False,1,3c442863,2024-05-29_13-09-47,0.11895632743835449,0.11895632743835449,35984,DESKTOP-8J3QSBJ,127.0.0.1,0.11895632743835449,1,0.3063565654370929,0.7740916332862906,"[100, 102, 103, 105]",0.08093517319062929,error,0.044413028214825255,9,3,binary:logistic,0.8738241358881287,3c442863
113,7100.0,158,4,1716980989,,False,1,8878bc6d,2024-05-29_13-09-49,0.11400175094604492,0.11400175094604492,41568,DESKTOP-8J3QSBJ,127.0.0.1,0.11400175094604492,1,0.022458153916862556,0.7750454213080273,"[100, 102, 103, 105]",0.05452283660215148,error,0.3793313048988067,9,5,binary:logistic,0.9085420191536522,8878bc6d
114,6500.0,146,4,1716980990,,False,1,b7bc9e38,2024-05-29_13-09-50,0.0839991569519043,0.0839991569519043,13280,DESKTOP-8J3QSBJ,127.0.0.1,0.0839991569519043,1,0.9059277586022219,0.6787902728002777,"[100, 101, 102, 103]",0.04031723536529848,error,0.056097702675755194,6,4,binary:logistic,0.866860384416922,b7bc9e38
115,6400.0,140,3,1716980992,,False,1,97fe6ded,2024-05-29_13-09-52,0.10099983215332031,0.10099983215332031,17784,DESKTOP-8J3QSBJ,127.0.0.1,0.10099983215332031,1,0.01953948313590965,0.7748949553383468,"[101, 103, 105]",0.013835113429417692,error,7.025512278851416,8,1,binary:logistic,0.7923803286664741,97fe6ded
116,6750.0,151,4,1716980994,,False,1,692fef9f,2024-05-29_13-09-54,0.06400346755981445,0.06400346755981445,3704,DESKTOP-8J3QSBJ,127.0.0.1,0.06400346755981445,1,0.0017831853092915672,0.6592539201796177,"[100, 101, 102, 103]",0.03130393586106734,error,1.0634571207273085,3,3,binary:logistic,0.745335444308127,692fef9f
117,6750.0,151,4,1716980996,,False,1,e1a9b57b,2024-05-29_13-09-56,0.09000468254089355,0.09000468254089355,20272,DESKTOP-8J3QSBJ,127.0.0.1,0.09000468254089355,1,0.4259955480918812,0.7301560495575384,"[100, 101, 103, 105]",0.06835042916439102,error,2.60380835970914,7,4,binary:logistic,0.728280235906619,e1a9b57b
118,6700.0,150,4,1716980997,,False,1,95f4809b,2024-05-29_13-09-57,0.09499955177307129,0.09499955177307129,15916,DESKTOP-8J3QSBJ,127.0.0.1,0.09499955177307129,1,0.07602488512106327,0.8121477351581016,"[100, 101, 102, 103]",0.041967305504166275,error,0.004065184499747617,6,2,binary:logistic,0.6876346199968294,95f4809b
119,6900.0,154,4,1716980999,,False,1,f1f0dc1a,2024-05-29_13-09-59,0.06493544578552246,0.06493544578552246,59672,DESKTOP-8J3QSBJ,127.0.0.1,0.06493544578552246,1,0.0028499287495608837,0.7222913887235284,"[100, 101, 102, 103]",0.03779731656647082,error,0.5550506892465192,3,3,binary:logistic,0.6586986532952678,f1f0dc1a
120,6600.0,148,4,1716981001,,False,1,ef711bc0,2024-05-29_13-10-01,0.07300496101379395,0.07300496101379395,12308,DESKTOP-8J3QSBJ,127.0.0.1,0.07300496101379395,1,3.528553755302706,0.8669178176575201,"[100, 101, 102, 103]",0.04702460092850053,error,0.027287541023556114,4,3,binary:logistic,0.8000839476073909,ef711bc0
121,6600.0,148,4,1716981003,,False,1,263f4f38,2024-05-29_13-10-03,0.0780034065246582,0.0780034065246582,8532,DESKTOP-8J3QSBJ,127.0.0.1,0.0780034065246582,1,0.027559684809162394,0.771237368663879,"[100, 101, 102, 103]",0.035732174972578364,error,7.404143506431258,5,3,binary:logistic,0.715140282721593,263f4f38
122,6550.0,143,3,1716981004,,False,1,f4aa2b30,2024-05-29_13-10-04,0.06700015068054199,0.06700015068054199,59444,DESKTOP-8J3QSBJ,127.0.0.1,0.06700015068054199,1,0.016818752679784273,0.6426363267775643,"[101, 103, 105]",0.01581018978175928,error,0.07425210941529717,4,2,binary:logistic,0.5623159690949836,f4aa2b30
123,6950.0,155,4,1716981006,,False,1,2b2bab95,2024-05-29_13-10-06,0.0689997673034668,0.0689997673034668,50856,DESKTOP-8J3QSBJ,127.0.0.1,0.0689997673034668,1,0.032918213416674884,0.7506743854854826,"[100, 101, 102, 103]",0.05634298133349242,error,0.9698324837051543,3,4,binary:logistic,0.6089318871515974,2b2bab95
124,6900.0,154,4,1716981008,,False,1,5271a4f0,2024-05-29_13-10-08,0.08799982070922852,0.08799982070922852,29832,DESKTOP-8J3QSBJ,127.0.0.1,0.08799982070922852,1,0.18741881998589674,0.8117448572431732,"[100, 101, 102, 103]",0.05136342489570758,error,0.03107027749606575,4,1,binary:logistic,0.6484636877128447,5271a4f0
125,6500.0,146,4,1716981010,,False,1,17f7973d,2024-05-29_13-10-10,0.10399889945983887,0.10399889945983887,48660,DESKTOP-8J3QSBJ,127.0.0.1,0.10399889945983887,1,3.413031860937927,0.8477931554481302,"[104, 102, 103, 105]",0.03491413699166408,error,0.013523695749319112,7,1,binary:logistic,0.5148578287447533,17f7973d
126,6700.0,150,4,1716981012,,False,1,311543ec,2024-05-29_13-10-12,0.08599972724914551,0.08599972724914551,18232,DESKTOP-8J3QSBJ,127.0.0.1,0.08599972724914551,1,0.43794365619920467,0.6440074363399887,"[104, 102, 103, 105]",0.023981885074175337,error,0.00825905102990104,6,1,binary:logistic,0.6156203236132679,311543ec
127,6800.0,148,3,1716981014,,False,1,43f76453,2024-05-29_13-10-14,0.07599830627441406,0.07599830627441406,46792,DESKTOP-8J3QSBJ,127.0.0.1,0.07599830627441406,1,0.014268083975833384,0.6385953965480908,"[101, 102, 105]",0.03939562319892982,error,2.385290551961052,7,3,binary:logistic,0.9622866562573703,43f76453
128,6650.0,145,3,1716981015,,False,1,b051c059,2024-05-29_13-10-15,0.06800365447998047,0.06800365447998047,41900,DESKTOP-8J3QSBJ,127.0.0.1,0.06800365447998047,1,0.02446691333235764,0.5726504157241422,"[101, 102, 103]",0.04973928995216078,error,0.7714446498310743,5,3,binary:logistic,0.9087725935943617,b051c059
129,6800.0,148,3,1716981017,,False,1,81336dc9,2024-05-29_13-10-17,0.06499981880187988,0.06499981880187988,7200,DESKTOP-8J3QSBJ,127.0.0.1,0.06499981880187988,1,0.791770918754449,0.510979737857336,"[101, 102, 103]",0.035716201278158444,error,3.6803944048266186,4,2,binary:logistic,0.6827087699888779,81336dc9
130,6600.0,148,4,1716981019,,False,1,1a74f2b6,2024-05-29_13-10-19,0.0765073299407959,0.0765073299407959,7900,DESKTOP-8J3QSBJ,127.0.0.1,0.0765073299407959,1,0.009634920520803019,0.84019616941002,"[100, 101, 102, 103]",0.01623098909374015,error,7.965943971679484,4,2,binary:logistic,0.561170501381228,1a74f2b6
131,6400.0,140,3,1716981021,,False,1,55028a81,2024-05-29_13-10-21,0.08600234985351562,0.08600234985351562,53768,DESKTOP-8J3QSBJ,127.0.0.1,0.08600234985351562,1,0.036366125626065726,0.6567179709481052,"[101, 103, 105]",0.02606415408299968,error,0.06868435241592956,7,2,binary:logistic,0.6985201709483054,55028a81
132,6800.0,152,4,1716981022,,False,1,2091bc3a,2024-05-29_13-10-22,0.08295297622680664,0.08295297622680664,33676,DESKTOP-8J3QSBJ,127.0.0.1,0.08295297622680664,1,0.04214383805322149,0.5885299902864036,"[100, 101, 102, 105]",0.035782193013098616,error,0.007455955621837945,6,4,binary:logistic,0.845018618272155,2091bc3a
133,6850.0,157,5,1716981024,,False,1,7cc462d0,2024-05-29_13-10-24,0.09100055694580078,0.09100055694580078,3272,DESKTOP-8J3QSBJ,127.0.0.1,0.09100055694580078,1,1.4661022278997213,0.7341543714215016,"[100, 104, 102, 103, 105]",0.019434736064469948,error,0.09765550492255594,6,3,binary:logistic,0.7918472130933101,7cc462d0
134,6600.0,144,3,1716981026,,False,1,e89f21ca,2024-05-29_13-10-26,0.10000276565551758,0.10000276565551758,54596,DESKTOP-8J3QSBJ,127.0.0.1,0.10000276565551758,1,0.9564395892285033,0.775471906220872,"[101, 102, 103]",0.031133394846916098,error,0.07122570048397994,8,3,binary:logistic,0.6610608462484159,e89f21ca
135,6700.0,150,4,1716981027,,False,1,c97e55ab,2024-05-29_13-10-27,0.09399962425231934,0.09399962425231934,54644,DESKTOP-8J3QSBJ,127.0.0.1,0.09399962425231934,1,2.6345268779068225,0.6182718612818017,"[104, 102, 103, 105]",0.027559874637215025,error,0.15100827157541083,7,1,binary:logistic,0.5482284923420184,c97e55ab
136,6550.0,147,4,1716981029,,False,1,f044d378,2024-05-29_13-10-29,0.08099985122680664,0.08099985122680664,39972,DESKTOP-8J3QSBJ,127.0.0.1,0.08099985122680664,1,5.10890374020851,0.6441380914796486,"[104, 102, 103, 105]",0.028229565893509095,error,0.0013206397812892633,6,2,binary:logistic,0.5336858911277265,f044d378
137,6850.0,157,5,1716981031,,False,1,c22cda46,2024-05-29_13-10-31,0.0763237476348877,0.0763237476348877,61524,DESKTOP-8J3QSBJ,127.0.0.1,0.0763237476348877,1,0.037523810237573486,0.7689205670859867,"[100, 101, 102, 103, 105]",0.053480192872325985,error,1.901193009745697,4,4,binary:logistic,0.9532632811864085,c22cda46
138,6550.0,147,4,1716981033,,False,1,a0a115c2,2024-05-29_13-10-33,0.13400554656982422,0.13400554656982422,46396,DESKTOP-8J3QSBJ,127.0.0.1,0.13400554656982422,1,0.17778024402483403,0.7256586033608151,"[104, 102, 103, 105]",0.022814359809215628,error,0.03425209316740121,9,1,binary:logistic,0.6215570343825099,a0a115c2
139,6800.0,152,4,1716981034,,False,1,0fa1e9c0,2024-05-29_13-10-34,0.07199978828430176,0.07199978828430176,52636,DESKTOP-8J3QSBJ,127.0.0.1,0.07199978828430176,1,0.01642106752208388,0.7654851557607789,"[100, 101, 102, 103]",0.06692648652711368,error,0.1344211716858279,4,5,binary:logistic,0.6336092933653684,0fa1e9c0
140,6850.0,157,5,1716981036,,False,1,84e06271,2024-05-29_13-10-36,0.14000391960144043,0.14000391960144043,48228,DESKTOP-8J3QSBJ,127.0.0.1,0.14000391960144043,1,0.7590969588390712,0.5137696346090257,"[100, 101, 102, 103, 105]",0.014605191545752582,error,1.0047497284062883,10,1,binary:logistic,0.5454726914575556,84e06271
141,6550.0,147,4,1716981038,,False,1,5c66285e,2024-05-29_13-10-38,0.13099980354309082,0.13099980354309082,35284,DESKTOP-8J3QSBJ,127.0.0.1,0.13099980354309082,1,0.0010212051028870228,0.9103640834216412,"[104, 102, 103, 105]",0.04801837811466756,error,0.8636731728664899,10,4,binary:logistic,0.9267563997656626,5c66285e
142,6600.0,144,3,1716981040,,False,1,29a3004c,2024-05-29_13-10-40,0.0800011157989502,0.0800011157989502,29512,DESKTOP-8J3QSBJ,127.0.0.1,0.0800011157989502,1,0.02043851139882084,0.6382042301308741,"[101, 102, 103]",0.022195431231069093,error,0.07793439367503793,6,2,binary:logistic,0.5544548399355804,29a3004c
143,6850.0,153,4,1716981041,,False,1,e1bbad6b,2024-05-29_13-10-41,0.08100008964538574,0.08100008964538574,32052,DESKTOP-8J3QSBJ,127.0.0.1,0.08100008964538574,1,0.00858936165886745,0.9150963033204187,"[100, 101, 102, 103]",0.04024696709654845,error,0.08173467611764072,5,4,binary:logistic,0.5108170410887083,e1bbad6b
144,7150.0,159,4,1716981043,,False,1,30994418,2024-05-29_13-10-43,0.07399892807006836,0.07399892807006836,26544,DESKTOP-8J3QSBJ,127.0.0.1,0.07399892807006836,1,0.03080700401819511,0.7407150540666845,"[100, 102, 103, 105]",0.03245934647791296,error,0.07890255049708894,5,1,binary:logistic,0.6435415172876953,30994418
145,6600.0,144,3,1716981045,,False,1,0d2596d2,2024-05-29_13-10-45,0.09999990463256836,0.09999990463256836,28040,DESKTOP-8J3QSBJ,127.0.0.1,0.09999990463256836,1,0.016448224917440944,0.6714527381588709,"[101, 103, 105]",0.017992525605972667,error,0.1610537554468844,7,1,binary:logistic,0.6213916866136078,0d2596d2
146,6800.0,148,3,1716981047,,False,1,71922140,2024-05-29_13-10-47,0.07700347900390625,0.07700347900390625,21376,DESKTOP-8J3QSBJ,127.0.0.1,0.07700347900390625,1,0.003411237956953599,0.5991177301104951,"[101, 102, 105]",0.04363166916335502,error,1.504816438804009,6,3,binary:logistic,0.8482995547782017,71922140
147,6600.0,148,4,1716981049,,False,1,4a7759bf,2024-05-29_13-10-49,0.15700125694274902,0.15700125694274902,20432,DESKTOP-8J3QSBJ,127.0.0.1,0.15700125694274902,1,0.09627771221491659,0.6679728691371067,"[101, 102, 103, 105]",0.014865559003920378,error,0.002730042112661502,10,2,binary:logistic,0.9310822262039878,4a7759bf
148,6950.0,155,4,1716981050,,False,1,1be53a86,2024-05-29_13-10-50,0.08099961280822754,0.08099961280822754,47568,DESKTOP-8J3QSBJ,127.0.0.1,0.08099961280822754,1,2.7698229669484946,0.9743124656302126,"[101, 102, 103, 105]",0.0817907440647637,error,0.10733251608010692,5,1,binary:logistic,0.5088392690033877,1be53a86
149,6650.0,149,4,1716981052,,False,1,c0028669,2024-05-29_13-10-52,0.06900358200073242,0.06900358200073242,28876,DESKTOP-8J3QSBJ,127.0.0.1,0.06900358200073242,1,0.008610875514791843,0.6785047056863673,"[100, 101, 102, 103]",0.059816094053040156,error,3.3202837419439315,4,2,binary:logistic,0.8022058476142633,c0028669
150,6750.0,151,4,1716981054,,False,1,2d06f199,2024-05-29_13-10-54,0.07899785041809082,0.07899785041809082,62656,DESKTOP-8J3QSBJ,127.0.0.1,0.07899785041809082,1,0.24893800892397702,0.8443091618695284,"[104, 102, 103, 105]",0.02672581311474567,error,0.0012974497485601954,5,2,binary:logistic,0.6792224049079959,2d06f199
151,6450.0,145,4,1716981056,,False,1,9a1e0732,2024-05-29_13-10-56,0.13099932670593262,0.13099932670593262,51604,DESKTOP-8J3QSBJ,127.0.0.1,0.13099932670593262,1,0.2787430387723975,0.8997403712063912,"[104, 102, 103, 105]",0.08144917337411371,error,4.230206127639963,9,2,binary:logistic,0.8857324646564353,9a1e0732
152,6700.0,146,3,1716981057,,False,1,891a0ffc,2024-05-29_13-10-57,0.0670008659362793,0.0670008659362793,19448,DESKTOP-8J3QSBJ,127.0.0.1,0.0670008659362793,1,0.02935405553478047,0.6691678744123355,"[101, 103, 105]",0.030988033955797474,error,0.3277280687075791,4,2,binary:logistic,0.7135661553865837,891a0ffc
153,6500.0,142,3,1716981059,,False,1,2995a069,2024-05-29_13-10-59,0.06699800491333008,0.06699800491333008,63464,DESKTOP-8J3QSBJ,127.0.0.1,0.06699800491333008,1,0.08705130475828032,0.6580649036967984,"[101, 102, 103]",0.029899372181191743,error,1.6070969524518908,5,2,binary:logistic,0.7984467055726895,2995a069
154,7100.0,154,3,1716981061,,False,1,eb45f49b,2024-05-29_13-11-01,0.06800508499145508,0.06800508499145508,18504,DESKTOP-8J3QSBJ,127.0.0.1,0.06800508499145508,1,0.001935964780177971,0.9578255470771277,"[101, 102, 105]",0.031164601636221697,error,0.006268919054432899,4,3,binary:logistic,0.5173966491030847,eb45f49b
155,6700.0,146,3,1716981063,,False,1,6411b4ca,2024-05-29_13-11-03,0.07700204849243164,0.07700204849243164,3148,DESKTOP-8J3QSBJ,127.0.0.1,0.07700204849243164,1,2.136470137284002,0.9691418395656439,"[102, 103, 105]",0.020655670549436927,error,0.005522136308119618,6,4,binary:logistic,0.9868264613731933,6411b4ca
156,6700.0,150,4,1716981064,,False,1,02dc74a4,2024-05-29_13-11-04,0.09799885749816895,0.09799885749816895,16972,DESKTOP-8J3QSBJ,127.0.0.1,0.09799885749816895,1,0.2057595497108675,0.8047958354322317,"[101, 102, 103, 105]",0.0914315956925713,error,1.132971014014019,7,3,binary:logistic,0.6241417782771697,02dc74a4
157,6850.0,153,4,1716981066,,False,1,d6067a72,2024-05-29_13-11-06,0.06300091743469238,0.06300091743469238,48676,DESKTOP-8J3QSBJ,127.0.0.1,0.06300091743469238,1,0.034545850899126485,0.8745718377298237,"[100, 101, 102, 103]",0.05845211057037218,error,0.04815697224124986,3,1,binary:logistic,0.8351595978340179,d6067a72
158,6900.0,154,4,1716981068,,False,1,9bf23093,2024-05-29_13-11-08,0.06699800491333008,0.06699800491333008,42056,DESKTOP-8J3QSBJ,127.0.0.1,0.06699800491333008,1,0.4949460714896311,0.7402877403677196,"[100, 101, 103, 105]",0.022786054050120175,error,0.6138161401155651,4,1,binary:logistic,0.8531461745786217,9bf23093
159,6750.0,151,4,1716981070,,False,1,9db2dc0e,2024-05-29_13-11-10,0.06699991226196289,0.06699991226196289,39312,DESKTOP-8J3QSBJ,127.0.0.1,0.06699991226196289,1,0.253159418782084,0.8444702095283202,"[100, 101, 102, 103]",0.029376706416234945,error,0.0020116853915537673,3,4,binary:logistic,0.8033059773124854,9db2dc0e
160,7050.0,157,4,1716981071,,False,1,f1776d3d,2024-05-29_13-11-11,0.07300424575805664,0.07300424575805664,35240,DESKTOP-8J3QSBJ,127.0.0.1,0.07300424575805664,1,0.41956706078119244,0.8424106927001193,"[100, 101, 102, 103]",0.021120073315599456,error,0.06690797682752386,4,4,binary:logistic,0.5906144908352498,f1776d3d
161,6500.0,146,4,1716981073,,False,1,8229f12f,2024-05-29_13-11-13,0.08700180053710938,0.08700180053710938,60092,DESKTOP-8J3QSBJ,127.0.0.1,0.08700180053710938,1,1.1453034241890665,0.7379761215795555,"[100, 101, 102, 103]",0.04974719811193991,error,0.08439923552904163,7,5,binary:logistic,0.7833655772358916,8229f12f
162,6550.0,143,3,1716981075,,False,1,3446b1ad,2024-05-29_13-11-15,0.09000158309936523,0.09000158309936523,11224,DESKTOP-8J3QSBJ,127.0.0.1,0.09000158309936523,1,0.016468802822244524,0.6327245202072448,"[101, 102, 103]",0.03309559017647137,error,0.8155052413730686,9,3,binary:logistic,0.7131407621093033,3446b1ad
163,6650.0,149,4,1716981077,,False,1,ebbd9722,2024-05-29_13-11-17,0.0760042667388916,0.0760042667388916,32004,DESKTOP-8J3QSBJ,127.0.0.1,0.0760042667388916,1,0.1309859309975615,0.5783901326714821,"[100, 101, 102, 103]",0.04379406305019982,error,8.466025859021004,5,2,binary:logistic,0.5624966579615083,ebbd9722
164,6850.0,153,4,1716981079,,False,1,98446720,2024-05-29_13-11-19,0.07000017166137695,0.07000017166137695,40804,DESKTOP-8J3QSBJ,127.0.0.1,0.07000017166137695,1,1.197290439260481,0.6873740819273589,"[100, 101, 102, 103]",0.04912123521287816,error,1.1831362193299628,4,1,binary:logistic,0.5662772085675785,98446720
165,6600.0,148,4,1716981081,,False,1,a2ae991d,2024-05-29_13-11-21,0.07200002670288086,0.07200002670288086,52160,DESKTOP-8J3QSBJ,127.0.0.1,0.07200002670288086,1,0.03985759868245504,0.8355098219083735,"[100, 101, 102, 103]",0.04447530280950335,error,0.5473450604724606,4,4,binary:logistic,0.7729714768117026,a2ae991d
166,6700.0,154,5,1716981082,,False,1,a7713b60,2024-05-29_13-11-22,0.06599974632263184,0.06599974632263184,59360,DESKTOP-8J3QSBJ,127.0.0.1,0.06599974632263184,1,0.005473736972542072,0.6146365592410017,"[100, 101, 102, 103, 105]",0.0382371738769615,error,7.918256434238805,3,2,binary:logistic,0.7465384893188656,a7713b60
167,6750.0,147,3,1716981084,,False,1,a99e8a8f,2024-05-29_13-11-24,0.08199787139892578,0.08199787139892578,11472,DESKTOP-8J3QSBJ,127.0.0.1,0.08199787139892578,1,0.0062867822121395155,0.6520132761402628,"[101, 103, 105]",0.044243295261110996,error,0.12671205959308496,6,4,binary:logistic,0.5569837992120533,a99e8a8f
168,6450.0,141,3,1716981086,,False,1,36eed01c,2024-05-29_13-11-26,0.07100343704223633,0.07100343704223633,38372,DESKTOP-8J3QSBJ,127.0.0.1,0.07100343704223633,1,0.004312104899714026,0.5723434362591591,"[101, 103, 105]",0.03714730498192744,error,0.04991902451643236,4,2,binary:logistic,0.5410433473910828,36eed01c
169,6750.0,151,4,1716981088,,False,1,57f3fd0d,2024-05-29_13-11-28,0.06800150871276855,0.06800150871276855,44504,DESKTOP-8J3QSBJ,127.0.0.1,0.06800150871276855,1,2.3056390474490702,0.8229698554169302,"[104, 102, 103, 105]",0.02215833894267676,error,0.34580718151221235,3,4,binary:logistic,0.6552573483921609,57f3fd0d
170,6500.0,142,3,1716981089,,False,1,17d54bc4,2024-05-29_13-11-29,0.07599949836730957,0.07599949836730957,43504,DESKTOP-8J3QSBJ,127.0.0.1,0.07599949836730957,1,0.010475160140434578,0.9298343233204087,"[101, 102, 103]",0.031491073470945964,error,0.023256039423834127,6,4,binary:logistic,0.9219061901492847,17d54bc4
171,6550.0,143,3,1716981091,,False,1,8c6ba6eb,2024-05-29_13-11-31,0.0859982967376709,0.0859982967376709,2108,DESKTOP-8J3QSBJ,127.0.0.1,0.0859982967376709,1,0.004061506891043137,0.5866787643158587,"[101, 103, 105]",0.025345655752850603,error,7.143348965300236,6,3,binary:logistic,0.7177236560137137,8c6ba6eb
172,6600.0,152,5,1716981093,,False,1,d11158bb,2024-05-29_13-11-33,0.07499909400939941,0.07499909400939941,24092,DESKTOP-8J3QSBJ,127.0.0.1,0.07499909400939941,1,0.0010533731563989138,0.7533098447072947,"[100, 101, 102, 103, 105]",0.026635656294077333,error,3.2954421942556733,4,3,binary:logistic,0.835014491562927,d11158bb
173,6700.0,150,4,1716981095,,False,1,8e9b5708,2024-05-29_13-11-35,0.07199883460998535,0.07199883460998535,63236,DESKTOP-8J3QSBJ,127.0.0.1,0.07199883460998535,1,0.06836373250598525,0.8167227391580965,"[100, 101, 102, 103]",0.03689160801373507,error,0.09030648416828332,4,3,binary:logistic,0.8422246794930331,8e9b5708
174,6700.0,146,3,1716981096,,False,1,5284de4d,2024-05-29_13-11-36,0.08349967002868652,0.08349967002868652,10920,DESKTOP-8J3QSBJ,127.0.0.1,0.08349967002868652,1,0.0032786944128962996,0.6347044798205432,"[101, 103, 105]",0.019464398118944945,error,1.099530640471229,7,4,binary:logistic,0.5492661202763744,5284de4d
175,6800.0,152,4,1716981098,,False,1,55b0eac4,2024-05-29_13-11-38,0.09600043296813965,0.09600043296813965,56244,DESKTOP-8J3QSBJ,127.0.0.1,0.09600043296813965,1,9.514415071074811,0.8095951548502431,"[101, 102, 103, 105]",0.08142981180264909,error,0.015254222410065925,8,2,binary:logistic,0.6464370588743501,55b0eac4
176,6750.0,151,4,1716981100,,False,1,c6721a4d,2024-05-29_13-11-40,0.0740044116973877,0.0740044116973877,27136,DESKTOP-8J3QSBJ,127.0.0.1,0.0740044116973877,1,0.3190013890736047,0.6926970646269951,"[104, 102, 103, 105]",0.05424898090159941,error,2.771318028580763,5,4,binary:logistic,0.5612453672711253,c6721a4d
177,6500.0,146,4,1716981102,,False,1,d3ff7c51,2024-05-29_13-11-42,0.11699914932250977,0.11699914932250977,51808,DESKTOP-8J3QSBJ,127.0.0.1,0.11699914932250977,1,0.36173657583717145,0.890179471628826,"[100, 101, 102, 103]",0.04791426287118176,error,0.004914067397574863,8,2,binary:logistic,0.8853100479009153,d3ff7c51
178,6400.0,144,4,1716981103,,False,1,c389ff01,2024-05-29_13-11-43,0.12099933624267578,0.12099933624267578,58824,DESKTOP-8J3QSBJ,127.0.0.1,0.12099933624267578,1,0.836819402142943,0.853669730188557,"[100, 101, 102, 103]",0.07047224701105256,error,0.15630981253686763,9,4,binary:logistic,0.823050304774444,c389ff01
179,6650.0,149,4,1716981105,,False,1,e09dd574,2024-05-29_13-11-45,0.10898733139038086,0.10898733139038086,40556,DESKTOP-8J3QSBJ,127.0.0.1,0.10898733139038086,1,0.009646441928598508,0.7452861305667442,"[100, 101, 103, 105]",0.0558755723586875,error,0.004139274431637698,9,3,binary:logistic,0.7075204189544536,e09dd574
180,6550.0,143,3,1716981107,,False,1,4098a97f,2024-05-29_13-11-47,0.09399962425231934,0.09399962425231934,2808,DESKTOP-8J3QSBJ,127.0.0.1,0.09399962425231934,1,0.0016559725355150547,0.6763667388042489,"[101, 103, 105]",0.07036777231666194,error,1.9979194046639708,7,1,binary:logistic,0.584608538341548,4098a97f
181,6850.0,153,4,1716981109,,False,1,9e0d807d,2024-05-29_13-11-49,0.07800006866455078,0.07800006866455078,5144,DESKTOP-8J3QSBJ,127.0.0.1,0.07800006866455078,1,0.030294597432641367,0.9041139282952284,"[100, 101, 102, 103]",0.034248105520811346,error,0.0034701748031725596,5,3,binary:logistic,0.6787100877060752,9e0d807d
182,6800.0,152,4,1716981111,,False,1,ba3c69ed,2024-05-29_13-11-51,0.09200072288513184,0.09200072288513184,44460,DESKTOP-8J3QSBJ,127.0.0.1,0.09200072288513184,1,4.291918690035389,0.6807391035092895,"[101, 102, 103, 105]",0.017500029281159075,error,0.04713727030228746,10,4,binary:logistic,0.5580677585558288,ba3c69ed
183,6900.0,154,4,1716981112,,False,1,be44966b,2024-05-29_13-11-52,0.07999944686889648,0.07999944686889648,57952,DESKTOP-8J3QSBJ,127.0.0.1,0.07999944686889648,1,0.02719208268645606,0.8010781623898028,"[100, 102, 103, 105]",0.037032530733397,error,0.05041322346025176,5,2,binary:logistic,0.7499818560263296,be44966b
184,6550.0,147,4,1716981114,,False,1,0e0fb98a,2024-05-29_13-11-54,0.07650589942932129,0.07650589942932129,2832,DESKTOP-8J3QSBJ,127.0.0.1,0.07650589942932129,1,0.8845156699336764,0.6242524546814047,"[100, 101, 103, 105]",0.09544128466918762,error,0.11725651862341609,5,2,binary:logistic,0.705550693457089,0e0fb98a
185,6350.0,151,6,1716981116,,False,1,805b468a,2024-05-29_13-11-56,0.07499814033508301,0.07499814033508301,15136,DESKTOP-8J3QSBJ,127.0.0.1,0.07499814033508301,1,0.014378779160353948,0.6708934872527014,"[100, 101, 102, 103, 104, 105]",0.016984387712901127,error,0.35641089095343903,3,5,binary:logistic,0.9412601201876682,805b468a
186,6750.0,151,4,1716981117,,False,1,b2baf1dd,2024-05-29_13-11-57,0.06799817085266113,0.06799817085266113,7812,DESKTOP-8J3QSBJ,127.0.0.1,0.06799817085266113,1,0.01222897202550781,0.7718382751153915,"[100, 101, 102, 103]",0.030947732437044573,error,2.1579324170610157,3,2,binary:logistic,0.7386657904639136,b2baf1dd
187,6750.0,151,4,1716981119,,False,1,bd1b8f9c,2024-05-29_13-11-59,0.07700014114379883,0.07700014114379883,60112,DESKTOP-8J3QSBJ,127.0.0.1,0.07700014114379883,1,0.09359626459957882,0.831866774881902,"[100, 101, 102, 103]",0.03186529350626694,error,0.41371998265653037,5,4,binary:logistic,0.9393510829389651,bd1b8f9c
188,6900.0,154,4,1716981121,,False,1,a0e2af1c,2024-05-29_13-12-01,0.07200241088867188,0.07200241088867188,9444,DESKTOP-8J3QSBJ,127.0.0.1,0.07200241088867188,1,0.0028055729924829965,0.6965818355165594,"[100, 101, 102, 103]",0.08717111901288731,error,0.5713265618092831,4,1,binary:logistic,0.7000675999652594,a0e2af1c
189,6600.0,148,4,1716981123,,False,1,701ff322,2024-05-29_13-12-03,0.10300230979919434,0.10300230979919434,62836,DESKTOP-8J3QSBJ,127.0.0.1,0.10300230979919434,1,0.05184692651937854,0.9054826840464756,"[100, 101, 102, 103]",0.04433519523349035,error,0.646629094082202,7,3,binary:logistic,0.8068420147624661,701ff322
190,6550.0,147,4,1716981124,,False,1,c96a5aae,2024-05-29_13-12-04,0.11351370811462402,0.11351370811462402,42332,DESKTOP-8J3QSBJ,127.0.0.1,0.11351370811462402,1,0.9738383825654245,0.5177034921054171,"[104, 102, 103, 105]",0.062033871557434825,error,0.011143175065715147,10,5,binary:logistic,0.8239873577542913,c96a5aae
191,6800.0,152,4,1716981126,,False,1,0ed354e9,2024-05-29_13-12-06,0.08199954032897949,0.08199954032897949,63312,DESKTOP-8J3QSBJ,127.0.0.1,0.08199954032897949,1,3.227189967278752,0.8106736697319947,"[104, 102, 103, 105]",0.02838887496875769,error,0.10475643471148702,5,1,binary:logistic,0.5419433206940747,0ed354e9
192,6750.0,151,4,1716981128,,False,1,1f6038cf,2024-05-29_13-12-08,0.06995606422424316,0.06995606422424316,57876,DESKTOP-8J3QSBJ,127.0.0.1,0.06995606422424316,1,2.618424837721811,0.6345237750851742,"[100, 101, 102, 103]",0.03825022588221961,error,0.1112199752875161,3,2,binary:logistic,0.7436315995725682,1f6038cf
193,6700.0,146,3,1716981130,,False,1,0fd10700,2024-05-29_13-12-10,0.06599974632263184,0.06599974632263184,48452,DESKTOP-8J3QSBJ,127.0.0.1,0.06599974632263184,1,2.091689720749443,0.5559814313991425,"[101, 102, 103]",0.04199409558804011,error,8.513813846621241,3,2,binary:logistic,0.752084243029443,0fd10700
194,6800.0,152,4,1716981132,,False,1,0589c01b,2024-05-29_13-12-12,0.07199954986572266,0.07199954986572266,24456,DESKTOP-8J3QSBJ,127.0.0.1,0.07199954986572266,1,0.3246516782482525,0.8790032984712208,"[104, 102, 103, 105]",0.07774282796301905,error,0.020634608421602293,4,1,binary:logistic,0.7211763137335059,0589c01b
195,6500.0,142,3,1716981133,,False,1,f4167cbe,2024-05-29_13-12-13,0.06699943542480469,0.06699943542480469,34000,DESKTOP-8J3QSBJ,127.0.0.1,0.06699943542480469,1,0.005469771815309317,0.6431373347464108,"[101, 103, 105]",0.09446866078417118,error,1.8176042744220615,5,1,binary:logistic,0.6890817245419361,f4167cbe
196,6750.0,151,4,1716981135,,False,1,e3f8c209,2024-05-29_13-12-15,0.0709998607635498,0.0709998607635498,14932,DESKTOP-8J3QSBJ,127.0.0.1,0.0709998607635498,1,0.10201343610680122,0.8057192600883283,"[100, 101, 102, 103]",0.054794305871657935,error,0.4965500211971077,4,1,binary:logistic,0.745463075097665,e3f8c209
197,6350.0,143,4,1716981137,,False,1,b870f10f,2024-05-29_13-12-17,0.10799980163574219,0.10799980163574219,13660,DESKTOP-8J3QSBJ,127.0.0.1,0.10799980163574219,1,3.9201518247860316,0.8067263073379661,"[104, 102, 103, 105]",0.042154779124357784,error,0.0034868063157613097,8,4,binary:logistic,0.6520164609004254,b870f10f
198,6500.0,146,4,1716981139,,False,1,c2cc9c1e,2024-05-29_13-12-19,0.0969991683959961,0.0969991683959961,12076,DESKTOP-8J3QSBJ,127.0.0.1,0.0969991683959961,1,0.06313376566610407,0.5092462999201849,"[104, 102, 103, 105]",0.02656076606354972,error,0.0630795960343552,7,3,binary:logistic,0.542391806059123,c2cc9c1e
199,6500.0,146,4,1716981141,,False,1,f64205f0,2024-05-29_13-12-21,0.14941835403442383,0.14941835403442383,60348,DESKTOP-8J3QSBJ,127.0.0.1,0.14941835403442383,1,0.05540412436848249,0.9930385902953188,"[101, 102, 103, 105]",0.012162322205289115,error,0.015280889590097843,9,2,binary:logistic,0.9619088735612095,f64205f0
