model,iterations,depth,learning_rate,subsample,colsample_bylevel,min_data_in_leaf,test_score,cv_1,cv_2,cv_3,cv_4,cv_mean,cv_std,columns
<__main__.CatBoostClassifierWithThreshold object at 0x0000027E020EF700>,1000,5,0.0796945481864393,0.7453942447208348,0.6187255599871848,2,1260.0,1310.0,1250.0,1310.0,1370.0,1310.0,42.42640687119285,"['x100', 'x101', 'x105']"
<__main__.CatBoostClassifierWithThreshold object at 0x0000027E021EEBF0>,1000,3,0.0013066739238053,0.8728673384861885,0.6210592611560484,8,1220.0,1330.0,1250.0,1250.0,1460.0,1322.5,85.84142356694697,"['x100', 'x101', 'x105']"
<__main__.CatBoostClassifierWithThreshold object at 0x0000027E7DB36290>,1000,3,0.0870602087830485,0.8408205087604007,0.2517221551443623,2,1280.0,1380.0,1330.0,1370.0,1380.0,1365.0,20.615528128088304,"['x100', 'x101', 'x105']"
<__main__.CatBoostClassifierWithThreshold object at 0x0000027E01F9B490>,1000,4,0.0040596116104843,0.548518610050626,0.4603477677100099,3,1300.0,1340.0,1240.0,1320.0,1480.0,1345.0,86.45808232895291,"['x100', 'x101', 'x105']"
<__main__.CatBoostClassifierWithThreshold object at 0x0000027E019A7A30>,1000,6,0.001901024531987,0.3275374161084572,0.3980437511290071,5,1250.0,1330.0,1250.0,1300.0,1440.0,1330.0,69.6419413859206,"['x100', 'x101', 'x105']"
<__main__.CatBoostClassifierWithThreshold object at 0x0000027E019A4790>,1000,7,0.0025081156860452,0.538522716492931,0.6127938404189404,1,1300.0,1370.0,1290.0,1340.0,1440.0,1360.0,54.31390245600108,"['x100', 'x101', 'x105']"
<__main__.CatBoostClassifierWithThreshold object at 0x0000027E0224FAF0>,1000,6,0.0021930485556643,0.1117990133360155,0.9514412603906666,10,1300.0,1370.0,1290.0,1310.0,1430.0,1350.0,54.77225575051661,"['x100', 'x101', 'x105']"
<__main__.CatBoostClassifierWithThreshold object at 0x0000027E017ED300>,1000,7,0.0040665633135147,0.1427885083060646,0.700021375186549,5,1290.0,1370.0,1310.0,1310.0,1400.0,1347.5,38.97114317029974,"['x100', 'x101', 'x105']"
<__main__.CatBoostClassifierWithThreshold object at 0x0000027E015E2B30>,1000,3,0.0097803370166594,0.0826690950594574,0.9138543819748428,3,1330.0,1380.0,1280.0,1350.0,1470.0,1370.0,68.19090848492928,"['x100', 'x101', 'x105']"
<__main__.CatBoostClassifierWithThreshold object at 0x0000027E7DC650C0>,1000,6,0.0042016720543725,0.5440646201189203,0.5693747653761156,2,1290.0,1360.0,1310.0,1310.0,1420.0,1350.0,45.27692569068709,"['x100', 'x101', 'x105']"
<__main__.CatBoostClassifierWithThreshold object at 0x0000027E7DC35000>,1000,8,0.0248014392844765,0.2940166779675855,0.9572202971099416,7,1250.0,1290.0,1310.0,1260.0,1340.0,1300.0,29.154759474226505,"['x100', 'x101', 'x105']"
<__main__.CatBoostClassifierWithThreshold object at 0x0000027E7DC35300>,1000,3,0.0154293886425494,0.9764687008441374,0.0878264387271557,4,1180.0,1300.0,1240.0,1300.0,1430.0,1317.5,69.4172168845741,"['x100', 'x101', 'x105']"
<__main__.CatBoostClassifierWithThreshold object at 0x0000027E01A459F0>,1000,4,0.0549006522239182,0.7095894660651011,0.1956997719037704,1,1300.0,1380.0,1310.0,1360.0,1480.0,1382.5,61.79603547154137,"['x100', 'x101', 'x105']"
<__main__.CatBoostClassifierWithThreshold object at 0x0000027E01A445E0>,1000,4,0.0341993754444677,0.6903040920307258,0.831340848070915,1,1300.0,1370.0,1270.0,1330.0,1400.0,1342.5,48.66980583482946,"['x100', 'x101', 'x105']"
<__main__.CatBoostClassifierWithThreshold object at 0x0000027E01A45210>,1000,4,0.0109389850969442,0.3567301242880451,0.2989255139902734,3,1320.0,1350.0,1220.0,1330.0,1470.0,1342.5,88.70597499605086,"['x100', 'x101', 'x105']"
<__main__.CatBoostClassifierWithThreshold object at 0x0000027E01A44700>,1000,5,0.0384843556787457,0.6702832625389297,0.1245392657184413,4,1280.0,1380.0,1310.0,1340.0,1480.0,1377.5,64.17748826496718,"['x100', 'x101', 'x105']"
<__main__.CatBoostClassifierWithThreshold object at 0x0000027E02231FC0>,1000,5,0.0449297612187139,0.6548611315115453,0.0855415658621171,7,1270.0,1370.0,1250.0,1340.0,1430.0,1347.5,64.9519052838329,"['x100', 'x101', 'x105']"
<__main__.CatBoostClassifierWithThreshold object at 0x0000027E01A456C0>,1000,5,0.0540177070425656,0.4374542713072138,0.2112367162625646,6,1250.0,1370.0,1260.0,1350.0,1470.0,1362.5,74.6240577829965,"['x100', 'x101', 'x105']"
<__main__.CatBoostClassifierWithThreshold object at 0x0000027E02233B20>,1000,4,0.0223983952754016,0.7885771958043157,0.1661968368257131,4,1320.0,1360.0,1270.0,1330.0,1470.0,1357.5,72.58615570478987,"['x100', 'x101', 'x105']"
<__main__.CatBoostClassifierWithThreshold object at 0x0000027E02233B20>,1000,5,0.0555084853206397,0.6371915869855544,0.3283628220956983,9,1270.0,1360.0,1300.0,1350.0,1360.0,1342.5,24.8746859276655,"['x100', 'x101', 'x105']"
<__main__.CatBoostClassifierWithThreshold object at 0x0000027E7DC5F7C0>,1000,4,0.0264016955677927,0.9975860561888008,0.1409580821041555,4,1300.0,1370.0,1270.0,1340.0,1450.0,1357.5,64.5658578507248,"['x100', 'x101', 'x105']"
<__main__.CatBoostClassifierWithThreshold object at 0x0000027E7DC5D030>,1000,3,0.0083050559673632,0.2131173913050474,0.7755600251691103,3,1340.0,1380.0,1290.0,1340.0,1480.0,1372.5,69.77642868476431,"['x100', 'x101', 'x105']"
<__main__.CatBoostClassifierWithThreshold object at 0x0000027E7DC5E770>,1000,4,0.0063578502474307,0.2131285916099897,0.7811286345344861,1,1310.0,1360.0,1280.0,1370.0,1460.0,1367.5,63.78675411086537,"['x100', 'x101', 'x105']"
<__main__.CatBoostClassifierWithThreshold object at 0x0000027E7DC5C460>,1000,3,0.0155611671885405,0.4383595498111127,0.4642948418936661,3,1310.0,1370.0,1310.0,1360.0,1460.0,1375.0,54.08326913195984,"['x100', 'x101', 'x105']"
<__main__.CatBoostClassifierWithThreshold object at 0x0000027E7DC5EF20>,1000,5,0.0161808353314849,0.4769461505050916,0.3926452371552786,2,1310.0,1360.0,1310.0,1380.0,1450.0,1375.0,50.24937810560445,"['x100', 'x101', 'x105']"
<__main__.CatBoostClassifierWithThreshold object at 0x0000027E7DC5E770>,1000,4,0.0424082472812721,0.6119417874459394,0.0536155489234128,4,1180.0,1340.0,1230.0,1320.0,1450.0,1335.0,78.26237921249263,"['x100', 'x101', 'x105']"
<__main__.CatBoostClassifierWithThreshold object at 0x0000027E7DC5EE30>,1000,3,0.0171050776992293,0.4104875340722859,0.5060170104888873,6,1320.0,1370.0,1300.0,1350.0,1470.0,1372.5,61.79603547154137,"['x100', 'x101', 'x105']"
<__main__.CatBoostClassifierWithThreshold object at 0x0000027E0222E2C0>,1000,5,0.0990685714678513,0.7127753426479547,0.2474304601380565,1,1270.0,1360.0,1230.0,1310.0,1390.0,1322.5,60.57020719792859,"['x100', 'x101', 'x105']"
<__main__.CatBoostClassifierWithThreshold object at 0x0000027E0222F700>,1000,4,0.0651006380315851,0.5996462848391997,0.3426445777310286,5,1320.0,1330.0,1310.0,1350.0,1420.0,1352.5,41.4578098794425,"['x100', 'x101', 'x105']"
<__main__.CatBoostClassifierWithThreshold object at 0x0000027E0222CFD0>,1000,5,0.0325067434363138,0.8099571072321485,0.1612282355164325,2,1280.0,1360.0,1290.0,1320.0,1470.0,1360.0,68.19090848492928,"['x100', 'x101', 'x105']"
<__main__.CatBoostClassifierWithThreshold object at 0x0000027E0222F0A0>,1000,3,0.0713179510594438,0.9158239521531096,0.4584758309705375,3,1290.0,1360.0,1220.0,1340.0,1380.0,1325.0,62.24949798994366,"['x100', 'x101', 'x105']"
<__main__.CatBoostClassifierWithThreshold object at 0x0000027E0222D180>,1000,5,0.0168827984486496,0.4479373686623141,0.3762674320798351,2,1290.0,1370.0,1270.0,1380.0,1470.0,1372.5,70.84313657652378,"['x100', 'x101', 'x105']"
<__main__.CatBoostClassifierWithThreshold object at 0x0000027E0222D930>,1000,6,0.0135535936994586,0.4739965834334618,0.4275831772364353,2,1300.0,1360.0,1300.0,1380.0,1480.0,1380.0,64.8074069840786,"['x100', 'x101', 'x105']"
<__main__.CatBoostClassifierWithThreshold object at 0x0000027E0222EB00>,1000,7,0.013127591120185,0.752751267126141,0.2861690762210458,1,1310.0,1370.0,1310.0,1390.0,1470.0,1385.0,57.22761571129799,"['x100', 'x101', 'x105']"
<__main__.CatBoostClassifierWithThreshold object at 0x0000027E0222E0B0>,1000,7,0.0063700274399355,0.757039475229755,0.2712610582667991,1,1310.0,1360.0,1240.0,1330.0,1460.0,1347.5,78.54139036202504,"['x100', 'x101', 'x105']"
<__main__.CatBoostClassifierWithThreshold object at 0x0000027E0222FFA0>,1000,8,0.0115273620301488,0.8617295936055408,0.1861309291318704,2,1270.0,1340.0,1210.0,1330.0,1450.0,1332.5,84.96322733983214,"['x100', 'x101', 'x105']"
<__main__.CatBoostClassifierWithThreshold object at 0x0000027E018C05B0>,1000,7,0.0011567601281237,0.7319948834322701,0.2445026987760706,1,1150.0,1300.0,1230.0,1220.0,1430.0,1295.0,83.81527307120105,"['x100', 'x101', 'x105']"
<__main__.CatBoostClassifierWithThreshold object at 0x0000027E018C1EA0>,1000,6,0.0345955473227522,0.5678381369119903,0.1327292845272171,1,1310.0,1380.0,1270.0,1340.0,1480.0,1367.5,75.95228765481656,"['x100', 'x101', 'x105']"
<__main__.CatBoostClassifierWithThreshold object at 0x0000027E018C25C0>,1000,7,0.0063796981201684,0.6856729547456065,0.4309994849363793,2,1310.0,1390.0,1270.0,1340.0,1440.0,1360.0,62.849025449882674,"['x100', 'x101', 'x105']"
<__main__.CatBoostClassifierWithThreshold object at 0x0000027E018C3730>,1000,6,0.0206734574808565,0.495257651298153,0.312689866508542,3,1290.0,1370.0,1320.0,1350.0,1460.0,1375.0,52.20153254455275,"['x100', 'x101', 'x105']"
<__main__.CatBoostClassifierWithThreshold object at 0x0000027E018C0820>,1000,6,0.0774992240847781,0.9244305848908816,0.2234641760521954,1,1280.0,1330.0,1280.0,1350.0,1420.0,1345.0,50.24937810560445,"['x100', 'x101', 'x105']"
<__main__.CatBoostClassifierWithThreshold object at 0x0000027E019DB9D0>,1000,8,0.0121777106074759,0.5119223085325866,0.4779360369023668,3,1250.0,1380.0,1300.0,1320.0,1410.0,1352.5,44.37059837324712,"['x100', 'x101', 'x105']"
<__main__.CatBoostClassifierWithThreshold object at 0x0000027E019D8040>,1000,7,0.0086413651008445,0.3739892139932614,0.5421310053871464,2,1300.0,1380.0,1340.0,1330.0,1410.0,1365.0,32.01562118716424,"['x100', 'x101', 'x105']"
<__main__.CatBoostClassifierWithThreshold object at 0x0000027E019DBCD0>,1000,6,0.0135697822327628,0.8122421644585245,0.6126266572388454,4,1250.0,1380.0,1310.0,1310.0,1400.0,1350.0,40.62019202317981,"['x100', 'x101', 'x105']"
<__main__.CatBoostClassifierWithThreshold object at 0x0000027E018C10C0>,1000,3,0.0273264344512182,0.5826980519913887,0.3575220361990332,2,1300.0,1370.0,1260.0,1380.0,1480.0,1372.5,77.90218225441441,"['x100', 'x101', 'x105']"
<__main__.CatBoostClassifierWithThreshold object at 0x0000027E018C25F0>,1000,7,0.0197720680283554,0.7689328775593215,0.4258362978600941,3,1240.0,1370.0,1300.0,1320.0,1410.0,1350.0,43.01162633521314,"['x100', 'x101', 'x105']"
<__main__.CatBoostClassifierWithThreshold object at 0x0000027E018C10C0>,1000,6,0.0434312880021899,0.6469067320777154,0.2874291267602842,1,1270.0,1360.0,1320.0,1340.0,1410.0,1357.5,33.44772040064913,"['x100', 'x101', 'x105']"
<__main__.CatBoostClassifierWithThreshold object at 0x0000027E01878400>,1000,4,0.0046783105485808,0.2687255886372067,0.1061442389624792,5,1110.0,1350.0,1230.0,1280.0,1460.0,1330.0,86.31338250816034,"['x100', 'x101', 'x105']"
<__main__.CatBoostClassifierWithThreshold object at 0x0000027E01878400>,1000,3,0.0015785892806771,0.539206430464453,0.5792973881360561,3,1210.0,1310.0,1270.0,1300.0,1460.0,1335.0,73.65459931328118,"['x100', 'x101', 'x105']"
<__main__.CatBoostClassifierWithThreshold object at 0x0000027E0187BCA0>,1000,6,0.0092283765934447,0.6886786466994173,0.6863356507163088,2,1240.0,1380.0,1310.0,1320.0,1410.0,1355.0,41.53311931459037,"['x100', 'x101', 'x105']"
<__main__.CatBoostClassifierWithThreshold object at 0x0000027E01879930>,1000,5,0.0295262930755965,0.4024041787943661,0.2066753108283852,4,1280.0,1340.0,1310.0,1340.0,1470.0,1365.0,61.84658438426491,"['x100', 'x101', 'x105']"
<__main__.CatBoostClassifierWithThreshold object at 0x0000027E01878A60>,1000,5,0.015298287002505,0.4791689660653068,0.393889562715327,2,1320.0,1360.0,1290.0,1370.0,1450.0,1367.5,56.73402858955109,"['x100', 'x101', 'x105']"
<__main__.CatBoostClassifierWithThreshold object at 0x0000027E7DC1E6B0>,1000,5,0.0135149931601538,0.3262406812000831,0.4235502427263936,1,1320.0,1370.0,1300.0,1390.0,1470.0,1382.5,60.57020719792859,"['x100', 'x101', 'x105']"
<__main__.CatBoostClassifierWithThreshold object at 0x0000027E7DC1FF70>,1000,4,0.0030921699663215,0.3206495380684159,0.5037303745055954,1,1310.0,1350.0,1260.0,1320.0,1470.0,1350.0,76.48529270389177,"['x100', 'x101', 'x105']"
<__main__.CatBoostClassifierWithThreshold object at 0x0000027E7DC1FDC0>,1000,5,0.0075243452603373,0.2326386155787267,0.4423161167408083,1,1320.0,1380.0,1280.0,1380.0,1430.0,1367.5,54.48623679425842,"['x100', 'x101', 'x105']"
<__main__.CatBoostClassifierWithThreshold object at 0x0000027E7DC1F850>,1000,4,0.0566007847368612,0.4424582328053246,0.3244149327754574,10,1300.0,1390.0,1330.0,1330.0,1400.0,1362.5,32.69174207655505,"['x100', 'x101', 'x105']"
<__main__.CatBoostClassifierWithThreshold object at 0x0000027E0187B880>,1000,6,0.0133015903938788,0.3592315022199052,0.5375278474837866,2,1270.0,1370.0,1310.0,1330.0,1430.0,1360.0,45.8257569495584,"['x100', 'x101', 'x105']"
<__main__.CatBoostClassifierWithThreshold object at 0x0000027E01878CD0>,1000,5,0.0218970823782968,0.3030379581920064,0.0631395561008637,3,1250.0,1330.0,1250.0,1260.0,1460.0,1325.0,83.81527307120105,"['x100', 'x101', 'x105']"
<__main__.CatBoostClassifierWithThreshold object at 0x0000027E0187B850>,1000,3,0.0386353354180061,0.6242880427559094,0.1278695694038785,1,1310.0,1360.0,1270.0,1320.0,1480.0,1357.5,77.5806032459145,"['x100', 'x101', 'x105']"
<__main__.CatBoostClassifierWithThreshold object at 0x0000027E0187BB80>,1000,8,0.0102281089756898,0.1547899646623897,0.4789961251150172,2,1290.0,1380.0,1320.0,1330.0,1410.0,1360.0,36.74234614174768,"['x100', 'x101', 'x105']"
<__main__.CatBoostClassifierWithThreshold object at 0x0000027E02204A90>,1000,4,0.0074250252859295,0.3854330091672927,0.2716853527680901,9,1290.0,1350.0,1230.0,1290.0,1460.0,1332.5,84.96322733983214,"['x100', 'x101', 'x105']"
<__main__.CatBoostClassifierWithThreshold object at 0x0000027E02204580>,1000,5,0.0191547534993825,0.4741872620665192,0.3817147035981702,1,1300.0,1350.0,1320.0,1350.0,1410.0,1357.5,32.69174207655505,"['x100', 'x101', 'x105']"
<__main__.CatBoostClassifierWithThreshold object at 0x0000027E02207610>,1000,5,0.0151471100504006,0.4296883351033041,0.4153054790896587,2,1290.0,1380.0,1290.0,1370.0,1450.0,1372.5,56.73402858955109,"['x100', 'x101', 'x105']"
<__main__.CatBoostClassifierWithThreshold object at 0x0000027E02223490>,1000,5,0.023571012674966,0.5328725615878295,0.3305598514991321,3,1290.0,1390.0,1290.0,1330.0,1440.0,1362.5,57.17298313014636,"['x100', 'x101', 'x105']"
<__main__.CatBoostClassifierWithThreshold object at 0x0000027E02220880>,1000,4,0.0174063616468744,0.7414146279435241,0.3625494182651105,1,1270.0,1400.0,1290.0,1360.0,1470.0,1380.0,65.19202405202648,"['x100', 'x101', 'x105']"
<__main__.CatBoostClassifierWithThreshold object at 0x0000027E02206440>,1000,4,0.0124345069950797,0.7229888429228164,0.1912380712895966,1,1290.0,1320.0,1240.0,1320.0,1430.0,1327.5,67.59252917297887,"['x100', 'x101', 'x105']"
<__main__.CatBoostClassifierWithThreshold object at 0x0000027E02205BD0>,1000,4,0.0185599565626622,0.8318706669332347,0.2345604661464481,1,1310.0,1370.0,1290.0,1340.0,1470.0,1367.5,65.71719714047458,"['x100', 'x101', 'x105']"
<__main__.CatBoostClassifierWithThreshold object at 0x0000027E02205C00>,1000,3,0.0502280215311067,0.6647329242969734,0.3678879819305667,1,1290.0,1360.0,1310.0,1330.0,1440.0,1360.0,49.49747468305833,"['x100', 'x101', 'x105']"
<__main__.CatBoostClassifierWithThreshold object at 0x0000027E01878430>,1000,4,0.0109460551548253,0.7562148834879396,0.2984837109448032,2,1300.0,1370.0,1270.0,1350.0,1440.0,1357.5,60.57020719792859,"['x100', 'x101', 'x105']"
<__main__.CatBoostClassifierWithThreshold object at 0x0000027E019D4CD0>,1000,7,0.0886942606942527,0.792088825909735,0.412346562164373,1,1270.0,1360.0,1240.0,1320.0,1370.0,1322.5,51.1737237261468,"['x100', 'x101', 'x105']"
<__main__.CatBoostClassifierWithThreshold object at 0x0000027E02207910>,1000,3,0.0142290543733242,0.5684426380053599,0.9945868303663462,4,1280.0,1350.0,1290.0,1370.0,1460.0,1367.5,60.98155458825234,"['x100', 'x101', 'x105']"
<__main__.CatBoostClassifierWithThreshold object at 0x0000027E02207D00>,1000,5,0.0169746233948561,0.7028089366160528,0.4699000667138359,2,1250.0,1370.0,1300.0,1370.0,1450.0,1372.5,53.09190145398826,"['x100', 'x101', 'x105']"
<__main__.CatBoostClassifierWithThreshold object at 0x0000027E02068970>,1000,5,0.0253765911485063,0.3381823105192245,0.3478850480129031,2,1300.0,1380.0,1280.0,1350.0,1480.0,1372.5,71.89401922274203,"['x100', 'x101', 'x105']"
<__main__.CatBoostClassifierWithThreshold object at 0x0000027E02068A30>,1000,6,0.0100910309173328,0.8858064749396786,0.1636718691409236,2,1250.0,1310.0,1240.0,1290.0,1460.0,1325.0,82.00609733428362,"['x100', 'x101', 'x105']"
<__main__.CatBoostClassifierWithThreshold object at 0x0000027E022072B0>,1000,4,0.017221529556451,0.6692789531412797,0.2634038264489428,6,1290.0,1400.0,1280.0,1350.0,1460.0,1372.5,66.09652033201142,"['x100', 'x101', 'x105']"
<__main__.CatBoostClassifierWithThreshold object at 0x0000027E0187AD70>,1000,5,0.0629222325432066,0.472021111032808,0.5094297948890032,1,1260.0,1330.0,1280.0,1360.0,1420.0,1347.5,50.68283733178323,"['x100', 'x101', 'x105']"
<__main__.CatBoostClassifierWithThreshold object at 0x0000027E02205750>,1000,5,0.0381809894601146,0.5917525706447775,0.3973766492098418,3,1270.0,1370.0,1270.0,1360.0,1400.0,1350.0,48.47679857416329,"['x100', 'x101', 'x105']"
<__main__.CatBoostClassifierWithThreshold object at 0x0000027E020681F0>,1000,6,0.0123681067310666,0.7387516386249983,0.4474503718594309,2,1290.0,1350.0,1330.0,1350.0,1400.0,1357.5,25.8602010819715,"['x100', 'x101', 'x105']"
<__main__.CatBoostClassifierWithThreshold object at 0x0000027E02069300>,1000,5,0.0154355124361422,0.5152274807649575,0.356258691410275,3,1320.0,1380.0,1290.0,1360.0,1430.0,1365.0,50.24937810560445,"['x100', 'x101', 'x105']"
<__main__.CatBoostClassifierWithThreshold object at 0x0000027E02068850>,1000,3,0.0052867279643871,0.4141734067921437,0.5664792146529075,7,1310.0,1360.0,1230.0,1330.0,1450.0,1342.5,78.54139036202504,"['x100', 'x101', 'x105']"
<__main__.CatBoostClassifierWithThreshold object at 0x0000027E0206AB30>,1000,4,0.0285499713529115,0.7981031847972297,0.3113999024510829,1,1280.0,1370.0,1320.0,1360.0,1450.0,1375.0,47.16990566028302,"['x100', 'x101', 'x105']"
<__main__.CatBoostClassifierWithThreshold object at 0x0000027E0206B850>,1000,6,0.0194643041027322,0.4869164458687526,0.2951189406974576,4,1280.0,1360.0,1310.0,1360.0,1490.0,1380.0,66.70832032063167,"['x100', 'x101', 'x105']"
<__main__.CatBoostClassifierWithThreshold object at 0x0000027E0206B850>,1000,6,0.0223136123958298,0.4935062082376144,0.2787096806437779,5,1290.0,1390.0,1290.0,1350.0,1470.0,1375.0,65.3834841531101,"['x100', 'x101', 'x105']"
<__main__.CatBoostClassifierWithThreshold object at 0x0000027E0206AB30>,1000,6,0.0113186734603033,0.4452075270331651,0.1056369462174041,4,1240.0,1340.0,1300.0,1300.0,1450.0,1347.5,61.39014578904337,"['x100', 'x101', 'x105']"
<__main__.CatBoostClassifierWithThreshold object at 0x0000027E02068EB0>,1000,7,0.0182579467093178,0.7730061067192546,0.2085789924129866,4,1320.0,1360.0,1290.0,1340.0,1460.0,1362.5,61.79603547154137,"['x100', 'x101', 'x105']"
<__main__.CatBoostClassifierWithThreshold object at 0x0000027E0206AEC0>,1000,6,0.0142999314382687,0.4621388127989679,0.3763161629328491,5,1290.0,1370.0,1290.0,1380.0,1450.0,1372.5,56.73402858955109,"['x100', 'x101', 'x105']"
<__main__.CatBoostClassifierWithThreshold object at 0x0000027E0206B280>,1000,5,0.0490756813160065,0.6224349381220434,0.4081585007940961,3,1270.0,1380.0,1290.0,1350.0,1410.0,1357.5,44.37059837324712,"['x100', 'x101', 'x105']"
<__main__.CatBoostClassifierWithThreshold object at 0x0000027E0206A230>,1000,7,0.0091996938166143,0.2665071668508114,0.4859008726158481,1,1300.0,1390.0,1320.0,1340.0,1430.0,1370.0,43.01162633521314,"['x100', 'x101', 'x105']"
<__main__.CatBoostClassifierWithThreshold object at 0x0000027E0206A6E0>,1000,6,0.0079401436674333,0.5623204898295613,0.4367354670626082,2,1300.0,1380.0,1300.0,1370.0,1460.0,1377.5,56.73402858955109,"['x100', 'x101', 'x105']"
<__main__.CatBoostClassifierWithThreshold object at 0x0000027E020790C0>,1000,6,0.0068714171973734,0.5549846478146578,0.4495558321458129,4,1290.0,1370.0,1310.0,1340.0,1430.0,1362.5,44.37059837324712,"['x100', 'x101', 'x105']"
<__main__.CatBoostClassifierWithThreshold object at 0x0000027E02078250>,1000,6,0.0334456675392038,0.5046569521224856,0.2493286107930903,2,1310.0,1350.0,1310.0,1380.0,1440.0,1370.0,47.43416490252569,"['x100', 'x101', 'x105']"
<__main__.CatBoostClassifierWithThreshold object at 0x0000027E02078670>,1000,6,0.0128495992495485,0.3933625952394309,0.4318896821725699,1,1290.0,1360.0,1320.0,1370.0,1400.0,1362.5,28.613807855649,"['x100', 'x101', 'x105']"
<__main__.CatBoostClassifierWithThreshold object at 0x0000027E02079F60>,1000,6,0.0082940298399453,0.714885990798003,0.3369929921835815,2,1280.0,1350.0,1250.0,1350.0,1460.0,1352.5,74.28828979051814,"['x100', 'x101', 'x105']"
<__main__.CatBoostClassifierWithThreshold object at 0x0000027E0207A350>,1000,5,0.0055381808888523,0.4208012459678962,0.3880632771873599,3,1300.0,1340.0,1270.0,1340.0,1480.0,1357.5,76.28073151196179,"['x100', 'x101', 'x105']"
<__main__.CatBoostClassifierWithThreshold object at 0x0000027E0207A740>,1000,6,0.0206360262464511,0.6053349733459904,0.4950492612067211,1,1270.0,1370.0,1320.0,1340.0,1410.0,1360.0,33.91164991562634,"['x100', 'x101', 'x105']"
<__main__.CatBoostClassifierWithThreshold object at 0x0000027E0207B400>,1000,7,0.0170041495072992,0.5272680753811334,0.4589878858419305,2,1290.0,1380.0,1280.0,1350.0,1410.0,1355.0,48.218253804964775,"['x100', 'x101', 'x105']"
<__main__.CatBoostClassifierWithThreshold object at 0x0000027E0207A920>,1000,5,0.010101297678113,0.8346883066988949,0.3068871506010025,1,1320.0,1380.0,1280.0,1360.0,1470.0,1372.5,67.59252917297887,"['x100', 'x101', 'x105']"
<__main__.CatBoostClassifierWithThreshold object at 0x0000027E0207ACE0>,1000,5,0.0156267540300188,0.6370085552357913,0.4272289105493938,3,1280.0,1380.0,1320.0,1390.0,1430.0,1380.0,39.370039370059054,"['x100', 'x101', 'x105']"
<__main__.CatBoostClassifierWithThreshold object at 0x0000027E0207A1A0>,1000,4,0.0147095466884943,0.6838792676784957,0.530447390586494,3,1260.0,1380.0,1290.0,1350.0,1470.0,1372.5,64.9519052838329,"['x100', 'x101', 'x105']"
<__main__.CatBoostClassifierWithThreshold object at 0x0000027E02078E20>,1000,8,0.0118027502146951,0.6601557229025306,0.1493866321982296,4,1260.0,1350.0,1250.0,1300.0,1460.0,1340.0,77.78174593052023,"['x100', 'x101', 'x105']"
<__main__.CatBoostClassifierWithThreshold object at 0x0000027E013E8790>,1000,5,0.0796945481864393,0.7453942447208348,0.6187255599871848,2,1280.0,1340.0,1260.0,1360.0,1310.0,1317.5,37.66629793329841,"['x100', 'x101', 'x102', 'x105']"
<__main__.CatBoostClassifierWithThreshold object at 0x0000027E017ED6C0>,1000,3,0.0013066739238053,0.8728673384861885,0.6210592611560484,8,1240.0,1360.0,1200.0,1300.0,1350.0,1302.5,63.39361166552983,"['x100', 'x101', 'x102', 'x105']"
<__main__.CatBoostClassifierWithThreshold object at 0x0000027E01F0B9D0>,1000,3,0.0870602087830485,0.8408205087604007,0.2517221551443623,2,1330.0,1390.0,1250.0,1360.0,1370.0,1342.5,54.48623679425842,"['x100', 'x101', 'x102', 'x105']"
<__main__.CatBoostClassifierWithThreshold object at 0x0000027E01F0C1C0>,1000,4,0.0040596116104843,0.548518610050626,0.4603477677100099,3,1300.0,1360.0,1290.0,1380.0,1400.0,1357.5,41.4578098794425,"['x100', 'x101', 'x102', 'x105']"
<__main__.CatBoostClassifierWithThreshold object at 0x0000027E7DC34FD0>,1000,6,0.001901024531987,0.3275374161084572,0.3980437511290071,5,1280.0,1360.0,1300.0,1370.0,1400.0,1357.5,36.31459761583488,"['x100', 'x101', 'x102', 'x105']"
<__main__.CatBoostClassifierWithThreshold object at 0x0000027E01F0B730>,1000,7,0.0025081156860452,0.538522716492931,0.6127938404189404,1,1280.0,1370.0,1320.0,1380.0,1460.0,1382.5,50.18714974971183,"['x100', 'x101', 'x102', 'x105']"
<__main__.CatBoostClassifierWithThreshold object at 0x0000027E0213C1C0>,1000,6,0.0021930485556643,0.1117990133360155,0.9514412603906666,10,1290.0,1370.0,1300.0,1390.0,1420.0,1370.0,44.15880433163923,"['x100', 'x101', 'x102', 'x105']"
<__main__.CatBoostClassifierWithThreshold object at 0x0000027E7DC37FA0>,1000,7,0.0040665633135147,0.1427885083060646,0.700021375186549,5,1290.0,1350.0,1290.0,1350.0,1410.0,1350.0,42.42640687119285,"['x100', 'x101', 'x102', 'x105']"
<__main__.CatBoostClassifierWithThreshold object at 0x0000027E7DC37FA0>,1000,3,0.0097803370166594,0.0826690950594574,0.9138543819748428,3,1310.0,1410.0,1300.0,1330.0,1400.0,1360.0,46.36809247747852,"['x100', 'x101', 'x102', 'x105']"
<__main__.CatBoostClassifierWithThreshold object at 0x0000027E0213C730>,1000,6,0.0042016720543725,0.5440646201189203,0.5693747653761156,2,1300.0,1350.0,1300.0,1390.0,1410.0,1362.5,42.0565096031518,"['x100', 'x101', 'x102', 'x105']"
<__main__.CatBoostClassifierWithThreshold object at 0x0000027E019DABF0>,1000,8,0.0251044100425046,0.3534882695988889,0.0670637818340785,7,1290.0,1370.0,1270.0,1310.0,1370.0,1330.0,42.42640687119285,"['x100', 'x101', 'x102', 'x105']"
<__main__.CatBoostClassifierWithThreshold object at 0x0000027E01A44610>,1000,8,0.0010744583847151,0.3590919980727205,0.949613782570642,10,1270.0,1340.0,1330.0,1370.0,1420.0,1365.0,35.0,"['x100', 'x101', 'x102', 'x105']"
<__main__.CatBoostClassifierWithThreshold object at 0x0000027E01A445E0>,1000,7,0.0025034664443563,0.6486629925156606,0.7926738453402062,10,1290.0,1350.0,1330.0,1390.0,1430.0,1375.0,38.40572873934304,"['x100', 'x101', 'x102', 'x105']"
<__main__.CatBoostClassifierWithThreshold object at 0x0000027E01A445E0>,1000,7,0.009287768676075,0.6654156927676171,0.7793953253578035,7,1280.0,1350.0,1310.0,1360.0,1370.0,1347.5,22.776083947860748,"['x100', 'x101', 'x102', 'x105']"
<__main__.CatBoostClassifierWithThreshold object at 0x0000027E01A476A0>,1000,7,0.0239371919428137,0.9860925164374869,0.7992194624241853,8,1270.0,1350.0,1350.0,1320.0,1320.0,1335.0,15.0,"['x100', 'x101', 'x102', 'x105']"
<__main__.CatBoostClassifierWithThreshold object at 0x0000027E01A45D80>,1000,8,0.002607307325194,0.6625548092066602,0.2922015682399457,1,1270.0,1320.0,1300.0,1360.0,1400.0,1345.0,38.40572873934304,"['x100', 'x101', 'x102', 'x105']"
<__main__.CatBoostClassifierWithThreshold object at 0x0000027E7DC1E140>,1000,5,0.0059976778986555,0.4515215966528467,0.80854732583039,4,1290.0,1390.0,1330.0,1380.0,1400.0,1375.0,26.92582403567252,"['x100', 'x101', 'x102', 'x105']"
<__main__.CatBoostClassifierWithThreshold object at 0x0000027E7DC1F7F0>,1000,7,0.0209566730124502,0.6085016042460379,0.7312459332266034,9,1260.0,1330.0,1310.0,1340.0,1310.0,1322.5,12.99038105676658,"['x100', 'x101', 'x102', 'x105']"
<__main__.CatBoostClassifierWithThreshold object at 0x0000027E0206BE80>,1000,7,0.001909328706504,0.444446285545135,0.492685047908349,6,1270.0,1340.0,1300.0,1390.0,1420.0,1362.5,46.02988159880492,"['x100', 'x101', 'x102', 'x105']"
<__main__.CatBoostClassifierWithThreshold object at 0x0000027E02068B80>,1000,5,0.006384435578522,0.2323488642277346,0.8769825825993478,6,1320.0,1380.0,1290.0,1390.0,1380.0,1360.0,40.62019202317981,"['x100', 'x101', 'x102', 'x105']"
<__main__.CatBoostClassifierWithThreshold object at 0x0000027E0206A440>,1000,8,0.0028024274710614,0.7667722375975727,0.6795548263750435,1,1280.0,1330.0,1320.0,1390.0,1400.0,1360.0,35.35533905932738,"['x100', 'x101', 'x102', 'x105']"
<__main__.CatBoostClassifierWithThreshold object at 0x0000027E02069DE0>,1000,5,0.0057715156026955,0.4554572898189012,0.8485103321418964,3,1300.0,1390.0,1310.0,1390.0,1420.0,1377.5,40.85033659592048,"['x100', 'x101', 'x102', 'x105']"
<__main__.CatBoostClassifierWithThreshold object at 0x0000027E0206AD70>,1000,4,0.0159268286149762,0.4318294979983594,0.8454548456569249,4,1270.0,1380.0,1310.0,1380.0,1360.0,1357.5,28.613807855649,"['x100', 'x101', 'x102', 'x105']"
<__main__.CatBoostClassifierWithThreshold object at 0x0000027E018C3A00>,1000,6,0.0067192953068114,0.5904864949220429,0.9979136900743664,1,1280.0,1420.0,1330.0,1370.0,1390.0,1377.5,32.69174207655505,"['x100', 'x101', 'x102', 'x105']"
<__main__.CatBoostClassifierWithThreshold object at 0x0000027E018C35B0>,1000,6,0.0061902256191155,0.4981160393376765,0.9669708919852348,1,1290.0,1390.0,1340.0,1370.0,1410.0,1377.5,25.8602010819715,"['x100', 'x101', 'x102', 'x105']"
<__main__.CatBoostClassifierWithThreshold object at 0x0000027E018C3130>,1000,4,0.0135092761988023,0.5737024669333673,0.9897054127071068,3,1310.0,1400.0,1320.0,1370.0,1390.0,1370.0,30.822070014844883,"['x100', 'x101', 'x102', 'x105']"
<__main__.CatBoostClassifierWithThreshold object at 0x0000027E018C28C0>,1000,5,0.0393546179699132,0.2348686234986625,0.8855257560936666,2,1270.0,1360.0,1300.0,1340.0,1350.0,1337.5,22.776083947860748,"['x100', 'x101', 'x102', 'x105']"
<__main__.CatBoostClassifierWithThreshold object at 0x0000027E0206BA30>,1000,6,0.0076616639446821,0.7488646809582296,0.9987931472746464,1,1280.0,1410.0,1310.0,1370.0,1360.0,1362.5,35.61951712193752,"['x100', 'x101', 'x102', 'x105']"
<__main__.CatBoostClassifierWithThreshold object at 0x0000027E018C0940>,1000,5,0.0044662482241807,0.4900680771666343,0.3903378956390938,4,1270.0,1400.0,1280.0,1380.0,1400.0,1365.0,49.749371855331,"['x100', 'x101', 'x102', 'x105']"
<__main__.CatBoostClassifierWithThreshold object at 0x0000027E018C0940>,1000,4,0.053971081207127,0.3943692045991402,0.6258594392115874,2,1330.0,1360.0,1250.0,1330.0,1390.0,1332.5,52.14163403653553,"['x100', 'x101', 'x102', 'x105']"
<__main__.CatBoostClassifierWithThreshold object at 0x0000027E0222D9F0>,1000,6,0.0031417639113887,0.2332262688093411,0.5478436403955166,3,1310.0,1370.0,1300.0,1400.0,1440.0,1377.5,51.1737237261468,"['x100', 'x101', 'x102', 'x105']"
<__main__.CatBoostClassifierWithThreshold object at 0x0000027E0222D090>,1000,6,0.0057982751870937,0.4963240925615067,0.9078201772132588,1,1310.0,1390.0,1300.0,1380.0,1430.0,1375.0,47.16990566028302,"['x100', 'x101', 'x102', 'x105']"
<__main__.CatBoostClassifierWithThreshold object at 0x0000027E0222EBC0>,1000,6,0.0121362032165948,0.5998960859335736,0.995278701079849,1,1300.0,1350.0,1320.0,1340.0,1400.0,1352.5,29.47456530637899,"['x100', 'x101', 'x102', 'x105']"
<__main__.CatBoostClassifierWithThreshold object at 0x0000027E01EFBD60>,1000,5,0.0013844785409486,0.7076052483966975,0.7501326838427106,2,1260.0,1340.0,1300.0,1390.0,1400.0,1357.5,40.233692348577705,"['x100', 'x101', 'x102', 'x105']"
<__main__.CatBoostClassifierWithThreshold object at 0x0000027E01EF9ED0>,1000,6,0.0054452744998141,0.515450488394391,0.8504901970776089,2,1310.0,1370.0,1290.0,1400.0,1420.0,1370.0,49.49747468305833,"['x100', 'x101', 'x102', 'x105']"
<__main__.CatBoostClassifierWithThreshold object at 0x0000027E018C3CD0>,1000,7,0.0084039911273849,0.8226185485160202,0.6556298059154262,1,1280.0,1370.0,1330.0,1340.0,1330.0,1342.5,16.393596310755,"['x100', 'x101', 'x102', 'x105']"
<__main__.CatBoostClassifierWithThreshold object at 0x0000027E0222C100>,1000,6,0.0033455764853845,0.2997026529265782,0.929065017821069,3,1310.0,1360.0,1330.0,1360.0,1440.0,1372.5,40.85033659592048,"['x100', 'x101', 'x102', 'x105']"
<__main__.CatBoostClassifierWithThreshold object at 0x0000027E0222D240>,1000,5,0.0015008002111178,0.4073170784560147,0.8417510474268242,2,1290.0,1350.0,1320.0,1390.0,1430.0,1372.5,41.4578098794425,"['x100', 'x101', 'x102', 'x105']"
<__main__.CatBoostClassifierWithThreshold object at 0x0000027E0222C790>,1000,7,0.0050500563108752,0.4783409606948698,0.4186080249765989,1,1320.0,1360.0,1330.0,1390.0,1430.0,1377.5,36.99662146737185,"['x100', 'x101', 'x102', 'x105']"
<__main__.CatBoostClassifierWithThreshold object at 0x0000027E02205840>,1000,6,0.0072661057374034,0.5460683497386412,0.949907281308756,3,1290.0,1400.0,1330.0,1370.0,1410.0,1377.5,31.12474899497183,"['x100', 'x101', 'x102', 'x105']"
<__main__.CatBoostClassifierWithThreshold object at 0x0000027E02207460>,1000,3,0.0037910237894415,0.3034747413308269,0.5807923606680392,4,1290.0,1360.0,1290.0,1360.0,1400.0,1352.5,39.607448794387146,"['x100', 'x101', 'x102', 'x105']"
<__main__.CatBoostClassifierWithThreshold object at 0x0000027E02207160>,1000,6,0.0031815234913625,0.2313827796313518,0.5422403829707098,3,1280.0,1380.0,1320.0,1370.0,1410.0,1370.0,32.4037034920393,"['x100', 'x101', 'x102', 'x105']"
<__main__.CatBoostClassifierWithThreshold object at 0x0000027E018791E0>,1000,6,0.0018636556724441,0.5927610226949672,0.3444837423292889,5,1270.0,1340.0,1250.0,1350.0,1400.0,1335.0,54.08326913195984,"['x100', 'x101', 'x102', 'x105']"
<__main__.CatBoostClassifierWithThreshold object at 0x0000027E0224EE90>,1000,5,0.0046086717894455,0.1515434276002778,0.103057810168729,2,1250.0,1370.0,1230.0,1320.0,1390.0,1327.5,61.79603547154137,"['x100', 'x101', 'x102', 'x105']"
<__main__.CatBoostClassifierWithThreshold object at 0x0000027E0224F670>,1000,6,0.0107274896807405,0.3732846798320374,0.5988151236481809,1,1280.0,1390.0,1330.0,1370.0,1390.0,1370.0,24.49489742783178,"['x100', 'x101', 'x102', 'x105']"
<__main__.CatBoostClassifierWithThreshold object at 0x0000027E0187AF20>,1000,4,0.0033218993807121,0.6338751417130882,0.4979360878647012,2,1280.0,1350.0,1290.0,1380.0,1390.0,1352.5,38.97114317029974,"['x100', 'x101', 'x102', 'x105']"
<__main__.CatBoostClassifierWithThreshold object at 0x0000027E0187AF80>,1000,7,0.0018474508071978,0.7003814710791934,0.7205094140992491,3,1290.0,1320.0,1320.0,1380.0,1420.0,1360.0,42.42640687119285,"['x100', 'x101', 'x102', 'x105']"
<__main__.CatBoostClassifierWithThreshold object at 0x0000027E01878A90>,1000,5,0.0010211792018107,0.5378566385780327,0.4468331796885612,1,1250.0,1340.0,1260.0,1350.0,1390.0,1335.0,47.16990566028302,"['x100', 'x101', 'x102', 'x105']"
<__main__.CatBoostClassifierWithThreshold object at 0x0000027E0187B6D0>,1000,7,0.0072507678649304,0.2874673419291678,0.1889010604448717,4,1260.0,1350.0,1260.0,1340.0,1390.0,1335.0,47.16990566028302,"['x100', 'x101', 'x102', 'x105']"
<__main__.CatBoostClassifierWithThreshold object at 0x0000027E0224D150>,1000,6,0.0023315222433235,0.0534804289448943,0.6499893595307737,5,1280.0,1350.0,1310.0,1380.0,1430.0,1367.5,43.80353866983808,"['x100', 'x101', 'x102', 'x105']"
<__main__.CatBoostClassifierWithThreshold object at 0x0000027E02204250>,1000,7,0.0039970540587784,0.1579303568893764,0.9641579779750592,3,1280.0,1340.0,1330.0,1360.0,1390.0,1355.0,22.9128784747792,"['x100', 'x101', 'x102', 'x105']"
<__main__.CatBoostClassifierWithThreshold object at 0x0000027E01878820>,1000,7,0.0050000400494717,0.481179258504209,0.3674460990842924,1,1310.0,1400.0,1300.0,1390.0,1410.0,1375.0,43.87482193696061,"['x100', 'x101', 'x102', 'x105']"
<__main__.CatBoostClassifierWithThreshold object at 0x0000027E01878E50>,1000,7,0.0051211290093971,0.4758351422743655,0.4706495743694179,1,1290.0,1370.0,1290.0,1400.0,1420.0,1370.0,49.49747468305833,"['x100', 'x101', 'x102', 'x105']"
<__main__.CatBoostClassifierWithThreshold object at 0x0000027E019D5D20>,1000,8,0.0028550972200862,0.5659600069418166,0.427271555797411,2,1270.0,1350.0,1300.0,1380.0,1420.0,1362.5,43.80353866983808,"['x100', 'x101', 'x102', 'x105']"
<__main__.CatBoostClassifierWithThreshold object at 0x0000027E019D57B0>,1000,6,0.0064443858471594,0.4355880725531893,0.5333779554214736,2,1300.0,1390.0,1310.0,1380.0,1410.0,1372.5,37.66629793329841,"['x100', 'x101', 'x102', 'x105']"
<__main__.CatBoostClassifierWithThreshold object at 0x0000027E019D67A0>,1000,8,0.0090077541142153,0.62835459390481,0.758305418767877,1,1270.0,1340.0,1290.0,1340.0,1350.0,1330.0,23.45207879911715,"['x100', 'x101', 'x102', 'x105']"
<__main__.CatBoostClassifierWithThreshold object at 0x0000027E019D7970>,1000,7,0.0034949102141591,0.5216009384575916,0.3107912822101424,1,1290.0,1350.0,1310.0,1380.0,1410.0,1362.5,36.99662146737185,"['x100', 'x101', 'x102', 'x105']"
<__main__.CatBoostClassifierWithThreshold object at 0x0000027E7DC5DD20>,1000,5,0.0149464568824484,0.3539351339848209,0.8844360501181053,1,1310.0,1370.0,1310.0,1350.0,1360.0,1347.5,22.776083947860748,"['x100', 'x101', 'x102', 'x105']"
<__main__.CatBoostClassifierWithThreshold object at 0x0000027E7DC5CFD0>,1000,6,0.0111274178331274,0.9987088859313216,0.4109643733673429,2,1300.0,1410.0,1310.0,1380.0,1390.0,1372.5,37.66629793329841,"['x100', 'x101', 'x102', 'x105']"
<__main__.CatBoostClassifierWithThreshold object at 0x0000027E7DC5E590>,1000,7,0.0065711377350837,0.4125487474169397,0.919522500083163,7,1280.0,1350.0,1340.0,1380.0,1400.0,1367.5,23.84848003542364,"['x100', 'x101', 'x102', 'x105']"
<__main__.CatBoostClassifierWithThreshold object at 0x0000027E7DC5E8C0>,1000,8,0.0027890264493837,0.6874252929972142,0.2141999015735792,8,1270.0,1340.0,1240.0,1320.0,1380.0,1320.0,50.99019513592785,"['x100', 'x101', 'x102', 'x105']"
<__main__.CatBoostClassifierWithThreshold object at 0x0000027E7DC5E9E0>,1000,6,0.0079122311251927,0.5658040013200982,0.9586424345404286,3,1290.0,1360.0,1310.0,1350.0,1410.0,1357.5,35.61951712193752,"['x100', 'x101', 'x102', 'x105']"
<__main__.CatBoostClassifierWithThreshold object at 0x0000027E0207A290>,1000,6,0.0047066257723566,0.5447659834897862,0.9447429606805364,3,1310.0,1410.0,1310.0,1390.0,1400.0,1377.5,39.607448794387146,"['x100', 'x101', 'x102', 'x105']"
<__main__.CatBoostClassifierWithThreshold object at 0x0000027E0187B070>,1000,6,0.0056936076010824,0.4663503107390579,0.9686725880928304,6,1300.0,1390.0,1330.0,1390.0,1400.0,1377.5,27.726341266023542,"['x100', 'x101', 'x102', 'x105']"
<__main__.CatBoostClassifierWithThreshold object at 0x0000027E01878D00>,1000,6,0.0074433621029522,0.526726411183029,0.8200563186457754,4,1290.0,1390.0,1320.0,1370.0,1410.0,1372.5,33.44772040064913,"['x100', 'x101', 'x102', 'x105']"
<__main__.CatBoostClassifierWithThreshold object at 0x0000027E01878610>,1000,5,0.0039915686613168,0.6094751604184512,0.910633099339652,3,1270.0,1370.0,1280.0,1400.0,1410.0,1365.0,51.234753829798,"['x100', 'x101', 'x102', 'x105']"
<__main__.CatBoostClassifierWithThreshold object at 0x0000027E7DC5CFA0>,1000,7,0.0094269431542217,0.5072179705640758,0.8717568067053133,2,1300.0,1360.0,1300.0,1340.0,1390.0,1347.5,32.69174207655505,"['x100', 'x101', 'x102', 'x105']"
<__main__.CatBoostClassifierWithThreshold object at 0x0000027E7DC5E020>,1000,5,0.007097574685758,0.6647329242969734,0.5016642093477303,1,1300.0,1360.0,1330.0,1390.0,1400.0,1370.0,27.386127875258307,"['x100', 'x101', 'x102', 'x105']"
<__main__.CatBoostClassifierWithThreshold object at 0x0000027E0207ACE0>,1000,6,0.0021116760810134,0.4532831342561199,0.5625971681419573,2,1280.0,1360.0,1290.0,1380.0,1420.0,1362.5,47.10360920354193,"['x100', 'x101', 'x102', 'x105']"
<__main__.CatBoostClassifierWithThreshold object at 0x0000027E02078E20>,1000,6,0.001611348332482,0.5783415671438958,0.9978599743888408,2,1270.0,1350.0,1300.0,1380.0,1400.0,1357.5,37.66629793329841,"['x100', 'x101', 'x102', 'x105']"
<__main__.CatBoostClassifierWithThreshold object at 0x0000027E02079E40>,1000,7,0.0059537207132734,0.3856623408261117,0.6882400975641028,1,1310.0,1330.0,1320.0,1350.0,1410.0,1352.5,34.910600109422354,"['x100', 'x101', 'x102', 'x105']"
<__main__.CatBoostClassifierWithThreshold object at 0x0000027E02079E10>,1000,6,0.0048608350590075,0.5554340204478965,0.9277119683973698,4,1310.0,1380.0,1320.0,1390.0,1420.0,1377.5,36.31459761583488,"['x100', 'x101', 'x102', 'x105']"
<__main__.CatBoostClassifierWithThreshold object at 0x0000027E0207BAC0>,1000,6,0.0042733704583037,0.537268221824791,0.965598264430968,3,1310.0,1360.0,1290.0,1400.0,1430.0,1370.0,52.44044240850758,"['x100', 'x101', 'x102', 'x105']"
<__main__.CatBoostClassifierWithThreshold object at 0x0000027E02230580>,1000,6,0.005143644233491,0.5021691092412972,0.9423589893883848,3,1310.0,1380.0,1300.0,1390.0,1420.0,1372.5,44.37059837324712,"['x100', 'x101', 'x102', 'x105']"
<__main__.CatBoostClassifierWithThreshold object at 0x0000027E02233EE0>,1000,5,0.0029173101599052,0.6293820685164868,0.8927123221790306,5,1280.0,1370.0,1300.0,1400.0,1400.0,1367.5,40.85033659592048,"['x100', 'x101', 'x102', 'x105']"
<__main__.CatBoostClassifierWithThreshold object at 0x0000027E02231D80>,1000,6,0.0036584217583342,0.4238671271481685,0.8565194614114955,3,1270.0,1390.0,1290.0,1380.0,1420.0,1370.0,48.47679857416329,"['x100', 'x101', 'x102', 'x105']"
<__main__.CatBoostClassifierWithThreshold object at 0x0000027E02230070>,1000,5,0.0024627274694801,0.5923511371646495,0.8147570438607477,2,1270.0,1340.0,1280.0,1390.0,1410.0,1355.0,50.24937810560445,"['x100', 'x101', 'x102', 'x105']"
<__main__.CatBoostClassifierWithThreshold object at 0x0000027E02078610>,1000,7,0.0986678680321197,0.7906805884545934,0.9307546862891948,4,1240.0,1280.0,1280.0,1340.0,1270.0,1292.5,27.726341266023542,"['x100', 'x101', 'x102', 'x105']"
<__main__.CatBoostClassifierWithThreshold object at 0x0000027E020797B0>,1000,6,0.0086987394160447,0.5472137470123473,0.9646796370115498,1,1300.0,1400.0,1330.0,1370.0,1390.0,1372.5,26.80951323690902,"['x100', 'x101', 'x102', 'x105']"
<__main__.CatBoostClassifierWithThreshold object at 0x0000027E02079BA0>,1000,4,0.0044706830666642,0.1881707774073751,0.6188592438401732,2,1270.0,1380.0,1280.0,1370.0,1420.0,1362.5,51.1737237261468,"['x100', 'x101', 'x102', 'x105']"
<__main__.CatBoostClassifierWithThreshold object at 0x0000027E02220580>,1000,6,0.0066375281066084,0.3274852710895487,0.9787706473620518,3,1320.0,1360.0,1320.0,1360.0,1420.0,1365.0,35.70714214271425,"['x100', 'x101', 'x102', 'x105']"
<__main__.CatBoostClassifierWithThreshold object at 0x0000027E02079150>,1000,6,0.0056009966836524,0.457039939778251,0.9814208294612758,6,1300.0,1370.0,1320.0,1400.0,1400.0,1372.5,32.69174207655505,"['x100', 'x101', 'x102', 'x105']"
<__main__.CatBoostClassifierWithThreshold object at 0x0000027E0207B760>,1000,6,0.005567484884325,0.4729401246055416,0.89685208178848,6,1300.0,1380.0,1330.0,1390.0,1410.0,1377.5,29.47456530637899,"['x100', 'x101', 'x102', 'x105']"
<__main__.CatBoostClassifierWithThreshold object at 0x0000027E02221CC0>,1000,6,0.0031577056646231,0.4697460731715623,0.951025878282875,6,1290.0,1380.0,1300.0,1380.0,1440.0,1375.0,49.749371855331,"['x100', 'x101', 'x102', 'x105']"
<__main__.CatBoostClassifierWithThreshold object at 0x0000027E0220D240>,1000,6,0.0101576766451102,0.5062270135210238,0.771219845911682,5,1290.0,1390.0,1350.0,1350.0,1400.0,1372.5,22.776083947860748,"['x100', 'x101', 'x102', 'x105']"
<__main__.CatBoostClassifierWithThreshold object at 0x0000027E02221E10>,1000,5,0.0059824483064983,0.5810735071968907,0.9441020410252078,7,1300.0,1390.0,1320.0,1390.0,1430.0,1382.5,39.607448794387146,"['x100', 'x101', 'x102', 'x105']"
<__main__.CatBoostClassifierWithThreshold object at 0x0000027E0207AB00>,1000,5,0.0124495739793962,0.7294483129785598,0.8291526420729083,7,1300.0,1370.0,1310.0,1370.0,1380.0,1357.5,27.726341266023542,"['x100', 'x101', 'x102', 'x105']"
<__main__.CatBoostClassifierWithThreshold object at 0x0000027E0207A920>,1000,5,0.0079765582269182,0.6136898403064053,0.7901700278689067,9,1310.0,1400.0,1330.0,1400.0,1410.0,1385.0,32.01562118716424,"['x100', 'x101', 'x102', 'x105']"
<__main__.CatBoostClassifierWithThreshold object at 0x0000027E0221D6F0>,1000,5,0.0084431401313784,0.6423708139897524,0.7190593122498791,9,1320.0,1380.0,1300.0,1370.0,1410.0,1365.0,40.311288741492746,"['x100', 'x101', 'x102', 'x105']"
<__main__.CatBoostClassifierWithThreshold object at 0x0000027E0221DED0>,1000,4,0.0171789716065503,0.9229225291883422,0.7869763546714927,10,1320.0,1390.0,1290.0,1350.0,1370.0,1350.0,37.416573867739416,"['x100', 'x101', 'x102', 'x105']"
<__main__.CatBoostClassifierWithThreshold object at 0x0000027E0221E2C0>,1000,5,0.0069158702311126,0.6004654105477718,0.8571738264991856,9,1310.0,1390.0,1300.0,1400.0,1400.0,1372.5,42.0565096031518,"['x100', 'x101', 'x102', 'x105']"
<__main__.CatBoostClassifierWithThreshold object at 0x0000027E0221E590>,1000,5,0.0079175865694187,0.5720906196958037,0.9468568147182423,9,1310.0,1400.0,1290.0,1380.0,1370.0,1360.0,41.83300132670378,"['x100', 'x101', 'x102', 'x105']"
<__main__.CatBoostClassifierWithThreshold object at 0x0000027E0221E980>,1000,5,0.0046626052789886,0.6152594375129168,0.6630889263657612,8,1290.0,1370.0,1310.0,1380.0,1410.0,1367.5,36.31459761583488,"['x100', 'x101', 'x102', 'x105']"
<__main__.CatBoostClassifierWithThreshold object at 0x0000027E0221E050>,1000,5,0.006215272300756,0.5337122249314479,0.5958302913277166,8,1290.0,1380.0,1300.0,1380.0,1430.0,1372.5,46.569840025492894,"['x100', 'x101', 'x102', 'x105']"
<__main__.CatBoostClassifierWithThreshold object at 0x0000027E0221D7B0>,1000,4,0.0011618743842101,0.6712833187617829,0.9144056309345296,1,1260.0,1360.0,1260.0,1340.0,1360.0,1330.0,41.23105625617661,"['x100', 'x101', 'x102', 'x105']"
<__main__.CatBoostClassifierWithThreshold object at 0x0000027E0221EB00>,1000,7,0.0039925629328415,0.1137255192941106,0.8723605362048588,7,1270.0,1350.0,1340.0,1390.0,1380.0,1365.0,20.615528128088304,"['x100', 'x101', 'x102', 'x105']"
<__main__.CatBoostClassifierWithThreshold object at 0x0000027E0221D480>,1000,5,0.0053283235917302,0.5844577519511913,0.4508427210384321,1,1280.0,1400.0,1280.0,1390.0,1430.0,1375.0,56.789083458002736,"['x100', 'x101', 'x102', 'x105']"
<__main__.CatBoostClassifierWithThreshold object at 0x0000027E0221E020>,1000,7,0.0021010091316045,0.4970136879486895,0.5553788483241318,4,1280.0,1350.0,1300.0,1400.0,1440.0,1372.5,52.618912949622974,"['x100', 'x101', 'x102', 'x105']"
<__main__.CatBoostClassifierWithThreshold object at 0x0000027E0221D540>,1000,5,0.0077122137367987,0.5526696995874812,0.5108005045148921,3,1300.0,1370.0,1300.0,1380.0,1400.0,1362.5,37.66629793329841,"['x100', 'x101', 'x102', 'x105']"
<__main__.CatBoostClassifierWithThreshold object at 0x0000027E0221F400>,1000,5,0.0097287749603406,0.275846194928431,0.4841506900424914,1,1310.0,1400.0,1320.0,1360.0,1410.0,1372.5,35.61951712193752,"['x100', 'x101', 'x102', 'x105']"
<__main__.CatBoostClassifierWithThreshold object at 0x0000027E01F0C250>,1000,5,0.0796945481864393,0.7453942447208348,0.6187255599871848,2,1220.0,1310.0,1270.0,1250.0,1280.0,1277.5,21.65063509461097,"['x100', 'x101', 'x102', 'x105', 'x270']"
<__main__.CatBoostClassifierWithThreshold object at 0x0000027E01F0C250>,1000,3,0.0013066739238053,0.8728673384861885,0.6210592611560484,8,1200.0,1300.0,1170.0,1280.0,1320.0,1267.5,58.0409338312195,"['x100', 'x101', 'x102', 'x105', 'x270']"
<__main__.CatBoostClassifierWithThreshold object at 0x0000027E01FD0220>,1000,3,0.0870602087830485,0.8408205087604007,0.2517221551443623,2,1270.0,1370.0,1300.0,1250.0,1320.0,1310.0,43.01162633521314,"['x100', 'x101', 'x102', 'x105', 'x270']"
<__main__.CatBoostClassifierWithThreshold object at 0x0000027E019D53C0>,1000,4,0.0040596116104843,0.548518610050626,0.4603477677100099,3,1240.0,1330.0,1250.0,1350.0,1370.0,1325.0,45.552167895721496,"['x100', 'x101', 'x102', 'x105', 'x270']"
<__main__.CatBoostClassifierWithThreshold object at 0x0000027E01A44190>,1000,6,0.001901024531987,0.3275374161084572,0.3980437511290071,5,1250.0,1320.0,1250.0,1360.0,1400.0,1332.5,55.39629951540085,"['x100', 'x101', 'x102', 'x105', 'x270']"
<__main__.CatBoostClassifierWithThreshold object at 0x0000027E01A44AF0>,1000,7,0.0025081156860452,0.538522716492931,0.6127938404189404,1,1260.0,1310.0,1260.0,1310.0,1400.0,1320.0,50.49752469181039,"['x100', 'x101', 'x102', 'x105', 'x270']"
<__main__.CatBoostClassifierWithThreshold object at 0x0000027E019D79D0>,1000,6,0.0021930485556643,0.1117990133360155,0.9514412603906666,10,1250.0,1310.0,1260.0,1300.0,1410.0,1320.0,55.22680508593631,"['x100', 'x101', 'x102', 'x105', 'x270']"
<__main__.CatBoostClassifierWithThreshold object at 0x0000027E019D76A0>,1000,7,0.0040665633135147,0.1427885083060646,0.700021375186549,5,1250.0,1320.0,1260.0,1290.0,1350.0,1305.0,33.54101966249684,"['x100', 'x101', 'x102', 'x105', 'x270']"
<__main__.CatBoostClassifierWithThreshold object at 0x0000027E0222D2A0>,1000,3,0.0097803370166594,0.0826690950594574,0.9138543819748428,3,1270.0,1380.0,1290.0,1310.0,1390.0,1342.5,43.229041164476456,"['x100', 'x101', 'x102', 'x105', 'x270']"
<__main__.CatBoostClassifierWithThreshold object at 0x0000027E0222DCF0>,1000,6,0.0042016720543725,0.5440646201189203,0.5693747653761156,2,1250.0,1310.0,1260.0,1290.0,1410.0,1317.5,56.29165124598851,"['x100', 'x101', 'x102', 'x105', 'x270']"
<__main__.CatBoostClassifierWithThreshold object at 0x0000027E0222C970>,1000,8,0.0248014392844765,0.2940166779675855,0.9572202971099416,7,1230.0,1320.0,1240.0,1210.0,1240.0,1252.5,40.85033659592048,"['x100', 'x101', 'x102', 'x105', 'x270']"
<__main__.CatBoostClassifierWithThreshold object at 0x0000027E01EFBF40>,1000,5,0.0137498233977122,0.3111597544836249,0.1242864617593531,5,1240.0,1340.0,1270.0,1320.0,1400.0,1332.5,46.569840025492894,"['x100', 'x101', 'x102', 'x105', 'x270']"
<__main__.CatBoostClassifierWithThreshold object at 0x0000027E01EFAB60>,1000,4,0.0130933103349614,0.2969292157523301,0.3276265422268868,4,1300.0,1390.0,1280.0,1290.0,1350.0,1327.5,44.93050188902857,"['x100', 'x101', 'x102', 'x105', 'x270']"
<__main__.CatBoostClassifierWithThreshold object at 0x0000027E7DC655D0>,1000,4,0.0359759679593215,0.0544789572358706,0.8122924369330563,7,1270.0,1290.0,1280.0,1260.0,1370.0,1300.0,41.83300132670378,"['x100', 'x101', 'x102', 'x105', 'x270']"
<__main__.CatBoostClassifierWithThreshold object at 0x0000027E0222EAA0>,1000,7,0.0082429113805644,0.3730796603024805,0.4086195711162418,4,1270.0,1330.0,1290.0,1300.0,1340.0,1315.0,20.615528128088304,"['x100', 'x101', 'x102', 'x105', 'x270']"
<__main__.CatBoostClassifierWithThreshold object at 0x0000027E0222DAB0>,1000,5,0.0010894530288616,0.1896519078986658,0.8319208559838966,6,1220.0,1340.0,1250.0,1320.0,1400.0,1327.5,53.56071321407138,"['x100', 'x101', 'x102', 'x105', 'x270']"
<__main__.CatBoostClassifierWithThreshold object at 0x0000027E0222EAA0>,1000,6,0.0068210183307935,0.4257099328841166,0.1270267163549721,4,1260.0,1320.0,1200.0,1280.0,1390.0,1297.5,68.69315832017043,"['x100', 'x101', 'x102', 'x105', 'x270']"
<__main__.CatBoostClassifierWithThreshold object at 0x0000027E0222EAA0>,1000,8,0.028492992493156,0.2389132564215865,0.2513959716276924,9,1280.0,1340.0,1310.0,1270.0,1350.0,1317.5,31.12474899497183,"['x100', 'x101', 'x102', 'x105', 'x270']"
<__main__.CatBoostClassifierWithThreshold object at 0x0000027E7DC5F4C0>,1000,3,0.0019633903682626,0.444446285545135,0.4609850167951452,6,1240.0,1320.0,1230.0,1310.0,1330.0,1297.5,39.607448794387146,"['x100', 'x101', 'x102', 'x105', 'x270']"
<__main__.CatBoostClassifierWithThreshold object at 0x0000027E7DC5D5A0>,1000,5,0.0489405759217079,0.0526227116344208,0.7229329085645164,3,1250.0,1310.0,1280.0,1240.0,1290.0,1280.0,25.495097567963924,"['x100', 'x101', 'x102', 'x105', 'x270']"
<__main__.CatBoostClassifierWithThreshold object at 0x0000027E7DC5D3F0>,1000,4,0.0134191353278697,0.687017885474642,0.3388884934966655,1,1300.0,1400.0,1280.0,1290.0,1360.0,1332.5,49.68651728587948,"['x100', 'x101', 'x102', 'x105', 'x270']"
<__main__.CatBoostClassifierWithThreshold object at 0x0000027E7DC5C8E0>,1000,5,0.0107108737764589,0.3268876406794978,0.0799086102804314,5,1230.0,1340.0,1230.0,1270.0,1350.0,1297.5,49.68651728587948,"['x100', 'x101', 'x102', 'x105', 'x270']"
<__main__.CatBoostClassifierWithThreshold object at 0x0000027E7DC5C7F0>,1000,6,0.0213966404570104,0.2200123993420575,0.1707117151112375,5,1270.0,1380.0,1300.0,1290.0,1360.0,1332.5,38.32427429188973,"['x100', 'x101', 'x102', 'x105', 'x270']"
<__main__.CatBoostClassifierWithThreshold object at 0x0000027E7DC5D630>,1000,7,0.0174414465454717,0.4405558268320046,0.214507016099664,3,1300.0,1360.0,1290.0,1300.0,1350.0,1325.0,30.4138126514911,"['x100', 'x101', 'x102', 'x105', 'x270']"
<__main__.CatBoostClassifierWithThreshold object at 0x0000027E7DC5E350>,1000,4,0.0056592108379065,0.6484990543733534,0.332074549669248,6,1260.0,1330.0,1240.0,1340.0,1410.0,1330.0,60.41522986797286,"['x100', 'x101', 'x102', 'x105', 'x270']"
<__main__.CatBoostClassifierWithThreshold object at 0x0000027E0187BC70>,1000,3,0.0434645064498855,0.1625829623879246,0.8278189961780227,4,1310.0,1320.0,1310.0,1240.0,1340.0,1302.5,37.66629793329841,"['x100', 'x101', 'x102', 'x105', 'x270']"
<__main__.CatBoostClassifierWithThreshold object at 0x0000027E0187A8F0>,1000,5,0.0029816171564745,0.3697385948811761,0.5028935622652944,7,1220.0,1320.0,1270.0,1330.0,1400.0,1330.0,46.36809247747852,"['x100', 'x101', 'x102', 'x105', 'x270']"
<__main__.CatBoostClassifierWithThreshold object at 0x0000027E01878940>,1000,6,0.0015913234390542,0.2583372177735195,0.076467886977221,5,1170.0,1330.0,1160.0,1180.0,1270.0,1235.0,68.7386354243376,"['x100', 'x101', 'x102', 'x105', 'x270']"
<__main__.CatBoostClassifierWithThreshold object at 0x0000027E018C1F60>,1000,5,0.0059327802827449,0.996414115184983,0.3917074427857321,3,1290.0,1360.0,1280.0,1320.0,1370.0,1332.5,35.61951712193752,"['x100', 'x101', 'x102', 'x105', 'x270']"
<__main__.CatBoostClassifierWithThreshold object at 0x0000027E018C3790>,1000,4,0.053971081207127,0.1244070355026026,0.7183133578027893,4,1280.0,1320.0,1310.0,1240.0,1310.0,1295.0,32.01562118716424,"['x100', 'x101', 'x102', 'x105', 'x270']"
<__main__.CatBoostClassifierWithThreshold object at 0x0000027E018C36D0>,1000,6,0.0162694991306374,0.6122976247866623,0.9870091828001218,8,1230.0,1310.0,1290.0,1250.0,1320.0,1292.5,26.80951323690902,"['x100', 'x101', 'x102', 'x105', 'x270']"
<__main__.CatBoostClassifierWithThreshold object at 0x0000027E018C29B0>,1000,4,0.0121037942868436,0.7281394069756382,0.3354547933416207,1,1320.0,1400.0,1290.0,1290.0,1390.0,1342.5,52.618912949622974,"['x100', 'x101', 'x102', 'x105', 'x270']"
<__main__.CatBoostClassifierWithThreshold object at 0x0000027E02223700>,1000,3,0.0099265860479625,0.7009931171921514,0.2802071363432398,2,1280.0,1330.0,1270.0,1320.0,1390.0,1327.5,42.64680527307995,"['x100', 'x101', 'x102', 'x105', 'x270']"
<__main__.CatBoostClassifierWithThreshold object at 0x0000027E018C1BD0>,1000,3,0.007943776828543,0.8168727325322207,0.1736590348730349,1,1250.0,1320.0,1220.0,1300.0,1370.0,1302.5,54.025456962435776,"['x100', 'x101', 'x102', 'x105', 'x270']"
<__main__.CatBoostClassifierWithThreshold object at 0x0000027E018C1660>,1000,4,0.0195543616649462,0.9237222151425156,0.5455908856340266,2,1260.0,1360.0,1290.0,1260.0,1370.0,1320.0,46.36809247747852,"['x100', 'x101', 'x102', 'x105', 'x270']"
<__main__.CatBoostClassifierWithThreshold object at 0x0000027E018C0EE0>,1000,5,0.0123722976770156,0.4770589731884368,0.4048996387646215,3,1310.0,1330.0,1290.0,1290.0,1390.0,1325.0,40.92676385936225,"['x100', 'x101', 'x102', 'x105', 'x270']"
<__main__.CatBoostClassifierWithThreshold object at 0x0000027E018C1390>,1000,3,0.0270686208144508,0.7432739450742849,0.638640228016934,1,1300.0,1360.0,1280.0,1250.0,1360.0,1312.5,48.66980583482946,"['x100', 'x101', 'x102', 'x105', 'x270']"
<__main__.CatBoostClassifierWithThreshold object at 0x0000027E0206A350>,1000,4,0.0695314387300545,0.5853471056678592,0.4968264436662207,2,1230.0,1350.0,1240.0,1230.0,1310.0,1282.5,49.68651728587948,"['x100', 'x101', 'x102', 'x105', 'x270']"
<__main__.CatBoostClassifierWithThreshold object at 0x0000027E020692A0>,1000,5,0.0028485739945021,0.4876102957124877,0.2864464028322168,5,1250.0,1310.0,1230.0,1330.0,1370.0,1310.0,50.99019513592785,"['x100', 'x101', 'x102', 'x105', 'x270']"
<__main__.CatBoostClassifierWithThreshold object at 0x0000027E02068E80>,1000,3,0.0042324054783898,0.3744714728759784,0.2027708648697038,3,1240.0,1320.0,1230.0,1280.0,1310.0,1285.0,35.0,"['x100', 'x101', 'x102', 'x105', 'x270']"
<__main__.CatBoostClassifierWithThreshold object at 0x0000027E019D9570>,1000,4,0.0052733209784719,0.8006593232686502,0.5807923606680392,6,1250.0,1350.0,1300.0,1340.0,1390.0,1345.0,32.01562118716424,"['x100', 'x101', 'x102', 'x105', 'x270']"
<__main__.CatBoostClassifierWithThreshold object at 0x0000027E019D8FA0>,1000,4,0.00946052473264,0.8654041628097388,0.6045038206883254,6,1300.0,1390.0,1270.0,1290.0,1410.0,1340.0,60.8276253029822,"['x100', 'x101', 'x102', 'x105', 'x270']"
<__main__.CatBoostClassifierWithThreshold object at 0x0000027E019DA5F0>,1000,4,0.005266332612375,0.7665914891573733,0.5983171983709661,8,1280.0,1330.0,1280.0,1330.0,1400.0,1335.0,42.72001872658765,"['x100', 'x101', 'x102', 'x105', 'x270']"
<__main__.CatBoostClassifierWithThreshold object at 0x0000027E02205FC0>,1000,4,0.0048657354584121,0.8071045085801345,0.61003263746526,8,1270.0,1360.0,1270.0,1350.0,1370.0,1337.5,39.607448794387146,"['x100', 'x101', 'x102', 'x105', 'x270']"
<__main__.CatBoostClassifierWithThreshold object at 0x0000027E022073D0>,1000,4,0.0033142676071521,0.8793393617256956,0.6820761091187477,9,1250.0,1330.0,1250.0,1340.0,1360.0,1320.0,41.83300132670378,"['x100', 'x101', 'x102', 'x105', 'x270']"
<__main__.CatBoostClassifierWithThreshold object at 0x0000027E022071C0>,1000,3,0.0089097611948243,0.815377965488378,0.7672348872813248,7,1300.0,1360.0,1290.0,1310.0,1360.0,1330.0,30.822070014844883,"['x100', 'x101', 'x102', 'x105', 'x270']"
<__main__.CatBoostClassifierWithThreshold object at 0x0000027E022042B0>,1000,4,0.0071962547903436,0.8909479419639286,0.6665141830004887,8,1290.0,1350.0,1300.0,1310.0,1380.0,1335.0,32.01562118716424,"['x100', 'x101', 'x102', 'x105', 'x270']"
<__main__.CatBoostClassifierWithThreshold object at 0x0000027E0206AC80>,1000,3,0.0048847803907653,0.7750481655507467,0.5863182180763253,10,1230.0,1330.0,1260.0,1340.0,1390.0,1330.0,46.36809247747852,"['x100', 'x101', 'x102', 'x105', 'x270']"
<__main__.CatBoostClassifierWithThreshold object at 0x0000027E02205CF0>,1000,4,0.0111634171560852,0.964741248280693,0.8742680178066763,6,1300.0,1380.0,1300.0,1250.0,1340.0,1317.5,48.15340071064556,"['x100', 'x101', 'x102', 'x105', 'x270']"
<__main__.CatBoostClassifierWithThreshold object at 0x0000027E02205F90>,1000,3,0.0065839854939216,0.8354522527281336,0.8866103574118589,9,1250.0,1340.0,1250.0,1340.0,1410.0,1335.0,56.789083458002736,"['x100', 'x101', 'x102', 'x105', 'x270']"
<__main__.CatBoostClassifierWithThreshold object at 0x0000027E7DC37310>,1000,4,0.0092823948781577,0.920327316642964,0.5400047292615755,7,1270.0,1380.0,1290.0,1300.0,1400.0,1342.5,48.15340071064556,"['x100', 'x101', 'x102', 'x105', 'x270']"
<__main__.CatBoostClassifierWithThreshold object at 0x0000027E0206AAA0>,1000,4,0.0093131241720123,0.9200607896340784,0.4561800919296371,7,1310.0,1370.0,1280.0,1300.0,1390.0,1335.0,46.09772228646444,"['x100', 'x101', 'x102', 'x105', 'x270']"
<__main__.CatBoostClassifierWithThreshold object at 0x0000027E0206AA10>,1000,4,0.0035368758829801,0.7246193041558987,0.5500530890636983,7,1240.0,1340.0,1240.0,1330.0,1360.0,1317.5,46.02988159880492,"['x100', 'x101', 'x102', 'x105', 'x270']"
<__main__.CatBoostClassifierWithThreshold object at 0x0000027E0220CFD0>,1000,4,0.0156743239566238,0.7951557830988701,0.6588474486677992,6,1290.0,1330.0,1320.0,1280.0,1330.0,1315.0,20.615528128088304,"['x100', 'x101', 'x102', 'x105', 'x270']"
<__main__.CatBoostClassifierWithThreshold object at 0x0000027E0220C490>,1000,4,0.0077446479730405,0.8565673765676378,0.759915005770549,8,1300.0,1350.0,1290.0,1290.0,1400.0,1332.5,46.02988159880492,"['x100', 'x101', 'x102', 'x105', 'x270']"
<__main__.CatBoostClassifierWithThreshold object at 0x0000027E0220CFD0>,1000,5,0.0045352332737599,0.9464870621730797,0.6289177117116411,6,1270.0,1330.0,1290.0,1330.0,1390.0,1335.0,35.70714214271425,"['x100', 'x101', 'x102', 'x105', 'x270']"
<__main__.CatBoostClassifierWithThreshold object at 0x0000027E0220E950>,1000,4,0.0063673799502598,0.8887364425249001,0.47038995988623,7,1260.0,1360.0,1280.0,1330.0,1410.0,1345.0,47.16990566028302,"['x100', 'x101', 'x102', 'x105', 'x270']"
<__main__.CatBoostClassifierWithThreshold object at 0x0000027E022331F0>,1000,3,0.0117354514592751,0.9002602329392813,0.4436819039539423,7,1310.0,1390.0,1270.0,1310.0,1400.0,1342.5,54.48623679425842,"['x100', 'x101', 'x102', 'x105', 'x270']"
<__main__.CatBoostClassifierWithThreshold object at 0x0000027E02231390>,1000,3,0.0111656232170319,0.9994718055568588,0.3777022450503899,7,1310.0,1380.0,1290.0,1310.0,1380.0,1340.0,40.62019202317981,"['x100', 'x101', 'x102', 'x105', 'x270']"
<__main__.CatBoostClassifierWithThreshold object at 0x0000027E0224E7D0>,1000,3,0.0146231741159873,0.9073816798636936,0.4476719540725086,7,1330.0,1400.0,1270.0,1290.0,1380.0,1335.0,55.90169943749474,"['x100', 'x101', 'x102', 'x105', 'x270']"
<__main__.CatBoostClassifierWithThreshold object at 0x0000027E0224E260>,1000,3,0.0064478159344492,0.6637856433463514,0.5022011782410747,6,1250.0,1330.0,1270.0,1340.0,1400.0,1335.0,46.09772228646444,"['x100', 'x101', 'x102', 'x105', 'x270']"
<__main__.CatBoostClassifierWithThreshold object at 0x0000027E7DC1F700>,1000,4,0.0086633406408537,0.8540844927800946,0.4308065080592375,6,1290.0,1370.0,1290.0,1280.0,1380.0,1330.0,45.27692569068709,"['x100', 'x101', 'x102', 'x105', 'x270']"
<__main__.CatBoostClassifierWithThreshold object at 0x0000027E0220FC10>,1000,3,0.0124776340772751,0.9494008451012824,0.5317910068206392,7,1290.0,1390.0,1270.0,1300.0,1390.0,1337.5,53.56071321407138,"['x100', 'x101', 'x102', 'x105', 'x270']"
<__main__.CatBoostClassifierWithThreshold object at 0x0000027E7DC1F4C0>,1000,4,0.0218021736513073,0.8810082281911087,0.3539397176591152,6,1270.0,1380.0,1290.0,1250.0,1350.0,1317.5,50.68283733178323,"['x100', 'x101', 'x102', 'x105', 'x270']"
<__main__.CatBoostClassifierWithThreshold object at 0x0000027E7DC1F640>,1000,5,0.0100128974050358,0.8484039233448585,0.4790539598165699,5,1300.0,1360.0,1300.0,1300.0,1390.0,1337.5,38.97114317029974,"['x100', 'x101', 'x102', 'x105', 'x270']"
<__main__.CatBoostClassifierWithThreshold object at 0x0000027E02233D00>,1000,3,0.0057249423924853,0.9663796356485082,0.5664471763678737,7,1230.0,1340.0,1240.0,1330.0,1400.0,1327.5,57.17298313014636,"['x100', 'x101', 'x102', 'x105', 'x270']"
<__main__.CatBoostClassifierWithThreshold object at 0x0000027E02232230>,1000,4,0.0187479125080813,0.7709417613456646,0.3109416734761664,6,1300.0,1390.0,1290.0,1290.0,1400.0,1342.5,52.618912949622974,"['x100', 'x101', 'x102', 'x105', 'x270']"
<__main__.CatBoostClassifierWithThreshold object at 0x0000027E02231F30>,1000,3,0.0183063726861323,0.7695955370645543,0.2858706017091408,1,1320.0,1410.0,1270.0,1280.0,1380.0,1335.0,61.032778078668514,"['x100', 'x101', 'x102', 'x105', 'x270']"
<__main__.CatBoostClassifierWithThreshold object at 0x0000027E02233010>,1000,4,0.0143349374051525,0.692875101545683,0.4204564763482044,4,1290.0,1380.0,1290.0,1280.0,1350.0,1325.0,41.53311931459037,"['x100', 'x101', 'x102', 'x105', 'x270']"
<__main__.CatBoostClassifierWithThreshold object at 0x0000027E02079A50>,1000,5,0.0237595572734363,0.624624329347655,0.2602906504262811,8,1300.0,1330.0,1270.0,1280.0,1360.0,1310.0,36.74234614174768,"['x100', 'x101', 'x102', 'x105', 'x270']"
<__main__.CatBoostClassifierWithThreshold object at 0x0000027E02079E70>,1000,4,0.0300087526595692,0.5699957543906463,0.3175725601153288,5,1300.0,1310.0,1310.0,1300.0,1350.0,1317.5,19.20286436967152,"['x100', 'x101', 'x102', 'x105', 'x270']"
<__main__.CatBoostClassifierWithThreshold object at 0x0000027E020797B0>,1000,4,0.0120801510263468,0.7178182709032888,0.3723423693006279,6,1290.0,1390.0,1280.0,1310.0,1410.0,1347.5,54.025456962435776,"['x100', 'x101', 'x102', 'x105', 'x270']"
<__main__.CatBoostClassifierWithThreshold object at 0x0000027E0207AE30>,1000,4,0.0111811623732587,0.7145115109834899,0.3713506896107543,7,1300.0,1370.0,1260.0,1280.0,1400.0,1327.5,58.89609494694873,"['x100', 'x101', 'x102', 'x105', 'x270']"
<__main__.CatBoostClassifierWithThreshold object at 0x0000027E02078FD0>,1000,4,0.0171219998674725,0.7863029584471483,0.2365255461861869,6,1320.0,1400.0,1280.0,1320.0,1380.0,1345.0,47.69696007084728,"['x100', 'x101', 'x102', 'x105', 'x270']"
<__main__.CatBoostClassifierWithThreshold object at 0x0000027E0207A170>,1000,3,0.0076057753091122,0.7334359800154631,0.2380740068700198,7,1250.0,1330.0,1250.0,1290.0,1350.0,1305.0,38.40572873934304,"['x100', 'x101', 'x102', 'x105', 'x270']"
<__main__.CatBoostClassifierWithThreshold object at 0x0000027E0207B2E0>,1000,8,0.0125649854093961,0.8310264538289968,0.4825121158865846,6,1230.0,1350.0,1270.0,1290.0,1320.0,1307.5,30.31088913245535,"['x100', 'x101', 'x102', 'x105', 'x270']"
<__main__.CatBoostClassifierWithThreshold object at 0x0000027E0221C910>,1000,5,0.0153544611291805,0.9067823341255328,0.5209473681153912,5,1280.0,1320.0,1300.0,1260.0,1370.0,1312.5,39.607448794387146,"['x100', 'x101', 'x102', 'x105', 'x270']"
<__main__.CatBoostClassifierWithThreshold object at 0x0000027E0221CB80>,1000,4,0.0080404340876799,0.9324022921896188,0.3556941911761268,2,1270.0,1370.0,1280.0,1340.0,1410.0,1350.0,47.43416490252569,"['x100', 'x101', 'x102', 'x105', 'x270']"
<__main__.CatBoostClassifierWithThreshold object at 0x0000027E0221E9E0>,1000,4,0.0063322023916913,0.6628586544073676,0.3557843953009295,2,1270.0,1330.0,1260.0,1340.0,1400.0,1332.5,49.68651728587948,"['x100', 'x101', 'x102', 'x105', 'x270']"
<__main__.CatBoostClassifierWithThreshold object at 0x0000027E0221D690>,1000,4,0.0082171034434618,0.8006153812851865,0.128547380599463,1,1230.0,1350.0,1240.0,1290.0,1350.0,1307.5,46.02988159880492,"['x100', 'x101', 'x102', 'x105', 'x270']"
<__main__.CatBoostClassifierWithThreshold object at 0x0000027E0221C2E0>,1000,5,0.0099529457368292,0.9452321593709532,0.4004448851766775,2,1300.0,1360.0,1300.0,1280.0,1380.0,1330.0,41.23105625617661,"['x100', 'x101', 'x102', 'x105', 'x270']"
<__main__.CatBoostClassifierWithThreshold object at 0x0000027E0221DF30>,1000,4,0.0124139900097837,0.8960521404937792,0.4382113900736173,1,1320.0,1380.0,1290.0,1270.0,1380.0,1330.0,50.49752469181039,"['x100', 'x101', 'x102', 'x105', 'x270']"
<__main__.CatBoostClassifierWithThreshold object at 0x0000027E0221F250>,1000,4,0.003848837876622,0.9751442668800616,0.3085506831748597,1,1250.0,1300.0,1260.0,1320.0,1360.0,1310.0,36.05551275463989,"['x100', 'x101', 'x102', 'x105', 'x270']"
<__main__.CatBoostClassifierWithThreshold object at 0x0000027E0221D150>,1000,3,0.0073423806077829,0.7480247352495126,0.3462159886222761,2,1260.0,1330.0,1250.0,1340.0,1390.0,1327.5,50.18714974971183,"['x100', 'x101', 'x102', 'x105', 'x270']"
<__main__.CatBoostClassifierWithThreshold object at 0x0000027E0221C460>,1000,4,0.0168874773702808,0.873594661271948,0.4741051151475374,7,1290.0,1360.0,1270.0,1260.0,1400.0,1322.5,59.31905258852336,"['x100', 'x101', 'x102', 'x105', 'x270']"
<__main__.CatBoostClassifierWithThreshold object at 0x0000027E0221F070>,1000,4,0.0052057687647907,0.8371291413690141,0.2255255176831372,3,1250.0,1330.0,1250.0,1340.0,1380.0,1325.0,47.16990566028302,"['x100', 'x101', 'x102', 'x105', 'x270']"
<__main__.CatBoostClassifierWithThreshold object at 0x0000027E021E1990>,1000,3,0.0086789095822641,0.934032074144895,0.3770112047890461,6,1280.0,1340.0,1290.0,1310.0,1390.0,1332.5,37.66629793329841,"['x100', 'x101', 'x102', 'x105', 'x270']"
<__main__.CatBoostClassifierWithThreshold object at 0x0000027E021E09A0>,1000,4,0.010868821528007,0.7929731966077684,0.1917049819594897,7,1250.0,1350.0,1250.0,1320.0,1410.0,1332.5,57.60859310901456,"['x100', 'x101', 'x102', 'x105', 'x270']"
<__main__.CatBoostClassifierWithThreshold object at 0x0000027E021E00D0>,1000,4,0.0137585698426919,0.915164016611691,0.4182434672508768,6,1290.0,1370.0,1300.0,1310.0,1420.0,1350.0,48.47679857416329,"['x100', 'x101', 'x102', 'x105', 'x270']"
<__main__.CatBoostClassifierWithThreshold object at 0x0000027E021E2C50>,1000,5,0.0140369523971944,0.070812783793733,0.4136392218092018,5,1280.0,1320.0,1300.0,1280.0,1350.0,1312.5,25.8602010819715,"['x100', 'x101', 'x102', 'x105', 'x270']"
<__main__.CatBoostClassifierWithThreshold object at 0x0000027E021E1D20>,1000,4,0.0209389062306597,0.5106472019913699,0.9335499113562384,6,1290.0,1350.0,1280.0,1240.0,1350.0,1305.0,47.16990566028302,"['x100', 'x101', 'x102', 'x105', 'x270']"
<__main__.CatBoostClassifierWithThreshold object at 0x0000027E021E3430>,1000,7,0.0118757044430847,0.9116930239719734,0.5098578262627159,6,1270.0,1320.0,1290.0,1260.0,1350.0,1305.0,33.54101966249684,"['x100', 'x101', 'x102', 'x105', 'x270']"
<__main__.CatBoostClassifierWithThreshold object at 0x0000027E021E26E0>,1000,4,0.0097565397846072,0.9802694017888832,0.3889224127264268,8,1300.0,1410.0,1280.0,1300.0,1420.0,1352.5,62.998015841770766,"['x100', 'x101', 'x102', 'x105', 'x270']"
<__main__.CatBoostClassifierWithThreshold object at 0x0000027E021E0A90>,1000,4,0.0067898164299765,0.96955695051154,0.3812093750071225,8,1250.0,1340.0,1300.0,1340.0,1390.0,1342.5,31.917863337009265,"['x100', 'x101', 'x102', 'x105', 'x270']"
<__main__.CatBoostClassifierWithThreshold object at 0x0000027E021E31C0>,1000,4,0.0103896803753737,0.9834845587739226,0.2635285960127911,9,1300.0,1370.0,1290.0,1300.0,1390.0,1337.5,43.229041164476456,"['x100', 'x101', 'x102', 'x105', 'x270']"
<__main__.CatBoostClassifierWithThreshold object at 0x0000027E021E11E0>,1000,4,0.0091914713632764,0.9282842978590892,0.295831183723618,5,1260.0,1340.0,1300.0,1340.0,1410.0,1347.5,39.607448794387146,"['x100', 'x101', 'x102', 'x105', 'x270']"
<__main__.CatBoostClassifierWithThreshold object at 0x0000027E021E3C40>,1000,4,0.0058961474133671,0.823030363810592,0.3249810316885325,4,1250.0,1340.0,1280.0,1330.0,1380.0,1332.5,35.61951712193752,"['x100', 'x101', 'x102', 'x105', 'x270']"
<__main__.CatBoostClassifierWithThreshold object at 0x0000027E021E3FA0>,1000,4,0.0135337075178212,0.9368347072752128,0.2940374756536805,5,1310.0,1380.0,1290.0,1300.0,1360.0,1332.5,38.32427429188973,"['x100', 'x101', 'x102', 'x105', 'x270']"
<__main__.CatBoostClassifierWithThreshold object at 0x0000027E021E3D90>,1000,5,0.0081618814470434,0.8770920763238979,0.338571287612997,3,1300.0,1330.0,1270.0,1320.0,1400.0,1330.0,46.36809247747852,"['x100', 'x101', 'x102', 'x105', 'x270']"
<__main__.CatBoostClassifierWithThreshold object at 0x0000027E021E3EE0>,1000,4,0.009290453059226995,0.9539589690950846,0.3644116901372727,2,1290.0,1380.0,1290.0,1310.0,1410.0,1347.5,49.180788932265,"['x100', 'x101', 'x102', 'x105', 'x270']"
