,mean_fit_time,std_fit_time,mean_score_time,std_score_time,param_model__kernel,param_model__gamma,param_model__C,param_feature_selection__columns,params,split0_test_score,split1_test_score,split2_test_score,split3_test_score,split4_test_score,mean_test_score,std_test_score,rank_test_score
0,1.5528104305267334,0.21898233724097937,0.07729334831237793,0.0008774616551064548,rbf,0.1,10.0,"[100, 103, 102, 105]","{'model__kernel': 'rbf', 'model__gamma': 0.1, 'model__C': 10, 'feature_selection__columns': [100, 103, 102, 105]}",6512.5,7137.5,7012.5,6450.0,6950.0,6812.5,277.82638463616087,3
1,1.716553544998169,0.09785895347844989,0.05201115608215332,0.0007659043369907633,sigmoid,0.1,10.0,"[100, 103, 102, 105]","{'model__kernel': 'sigmoid', 'model__gamma': 0.1, 'model__C': 10, 'feature_selection__columns': [100, 103, 102, 105]}",3887.5,5137.5,4825.0,4325.0,5012.5,4637.5,466.0337970576812,56
2,1.8155078411102294,0.002685623087431502,0.08099050521850586,0.0006443440971220745,sigmoid,0.001,1.0,"[8, 100, 103, 102, 105]","{'model__kernel': 'sigmoid', 'model__gamma': 0.001, 'model__C': 1, 'feature_selection__columns': [8, 100, 103, 102, 105]}",4875.0,5000.0,5187.5,5062.5,5312.5,5087.5,151.03807466993214,39
3,1.6515984535217285,0.17044323859088958,0.12303962707519531,0.03630779206425817,rbf,0.001,0.1,"[100, 102, 103, 105, 403, 466]","{'model__kernel': 'rbf', 'model__gamma': 0.001, 'model__C': 0.1, 'feature_selection__columns': [100, 102, 103, 105, 403, 466]}",3800.0,3362.5,3550.0,3112.5,3362.5,3437.5,228.4458360312133,100
4,13.201245450973511,2.909307392561396,0.04212207794189453,0.0015062809541447396,linear,0.01,100.0,"[8, 100, 102, 103, 105, 403]","{'model__kernel': 'linear', 'model__gamma': 0.01, 'model__C': 100, 'feature_selection__columns': [8, 100, 102, 103, 105, 403]}",4112.5,4612.5,4362.5,3237.5,3925.0,4050.0,467.70717334674265,81
5,1.8562480449676513,0.004112635132277018,0.08351802825927734,0.0004104567061298269,sigmoid,0.0001,10.0,"[100, 102, 103, 105, 403, 466]","{'model__kernel': 'sigmoid', 'model__gamma': 0.0001, 'model__C': 10, 'feature_selection__columns': [100, 102, 103, 105, 403, 466]}",3862.5,3487.5,3550.0,3050.0,3487.5,3487.5,259.20551691659654,98
6,1.227635431289673,0.0103118778792035,0.04374661445617676,0.0013384494702820048,linear,0.1,1.0,"[100, 102, 103, 105, 403, 466]","{'model__kernel': 'linear', 'model__gamma': 0.1, 'model__C': 1, 'feature_selection__columns': [100, 102, 103, 105, 403, 466]}",3987.5,4487.5,4175.0,4362.5,4237.5,4250.0,169.5582495781317,70
7,1.631225824356079,0.0601185371555764,0.06194911003112793,0.000469447395532376,sigmoid,1.0,1.0,"[8, 100, 103, 102, 105]","{'model__kernel': 'sigmoid', 'model__gamma': 1, 'model__C': 1, 'feature_selection__columns': [8, 100, 103, 102, 105]}",4312.5,4750.0,4312.5,4375.0,4250.0,4400.0,179.40875118009154,62
8,1.1239378929138184,0.006479019231539366,0.047021913528442386,0.0012162300331016542,poly,0.1,1.0,"[100, 102, 103, 105, 403, 466]","{'model__kernel': 'poly', 'model__gamma': 0.1, 'model__C': 1, 'feature_selection__columns': [100, 102, 103, 105, 403, 466]}",4800.0,5300.0,5050.0,3800.0,4237.5,4637.5,547.1517157059823,56
9,1.5723669052124023,0.007579025649868211,0.10308637619018554,0.0013676470570636035,rbf,0.001,10.0,"[8, 100, 102, 103, 105, 403]","{'model__kernel': 'rbf', 'model__gamma': 0.001, 'model__C': 10, 'feature_selection__columns': [8, 100, 102, 103, 105, 403]}",4862.5,5300.0,4987.5,5800.0,4925.0,5175.0,346.8609231377902,34
10,1.215860939025879,0.01393182285788669,0.0415743350982666,0.0008414780417327182,linear,0.001,1.0,"[8, 100, 102, 103, 105, 403]","{'model__kernel': 'linear', 'model__gamma': 0.001, 'model__C': 1, 'feature_selection__columns': [8, 100, 102, 103, 105, 403]}",4112.5,4612.5,4362.5,3237.5,3925.0,4050.0,467.70717334674265,81
11,1.4785888671875,0.024018322227419828,0.04693694114685058,0.0021906256641662826,poly,0.1,10.0,"[8, 100, 103, 102, 105]","{'model__kernel': 'poly', 'model__gamma': 0.1, 'model__C': 10, 'feature_selection__columns': [8, 100, 103, 102, 105]}",3937.5,4937.5,4187.5,5375.0,5812.5,4850.0,704.4501401802686,52
12,2.7110241413116456,0.039826389911665004,0.042093515396118164,0.0009747391308103488,linear,0.0001,10.0,"[100, 102, 103, 105, 403, 466]","{'model__kernel': 'linear', 'model__gamma': 0.0001, 'model__C': 10, 'feature_selection__columns': [100, 102, 103, 105, 403, 466]}",3987.5,4487.5,4175.0,4362.5,4237.5,4250.0,169.5582495781317,70
13,1.0880771636962892,0.015907545566897014,0.0481076717376709,0.002743771365787202,poly,0.01,0.1,"[100, 102, 103, 105, 403, 466]","{'model__kernel': 'poly', 'model__gamma': 0.01, 'model__C': 0.1, 'feature_selection__columns': [100, 102, 103, 105, 403, 466]}",4362.5,4112.5,4612.5,4237.5,3675.0,4200.0,310.2418411497714,78
14,2.294564199447632,0.010680464398206775,0.08507380485534669,0.0012816001240742972,rbf,1.0,10.0,"[8, 100, 102, 103, 105, 403]","{'model__kernel': 'rbf', 'model__gamma': 1, 'model__C': 10, 'feature_selection__columns': [8, 100, 102, 103, 105, 403]}",4362.5,4362.5,4737.5,4925.0,5362.5,4750.0,375.8324094593227,55
15,1.087816095352173,0.01834265807708962,0.04671144485473633,0.0012358870656550016,poly,0.1,0.1,"[100, 102, 103, 105, 403, 466]","{'model__kernel': 'poly', 'model__gamma': 0.1, 'model__C': 0.1, 'feature_selection__columns': [100, 102, 103, 105, 403, 466]}",3612.5,3675.0,4050.0,3800.0,3862.5,3800.0,153.09310892394862,95
16,1.6850777626037599,0.2613691499139867,0.1176119327545166,0.03463853545312763,rbf,0.001,10.0,"[100, 103, 102, 105]","{'model__kernel': 'rbf', 'model__gamma': 0.001, 'model__C': 10, 'feature_selection__columns': [100, 103, 102, 105]}",5262.5,5512.5,4825.0,5075.0,5575.0,5250.0,277.82638463616087,27
17,1.4756072998046874,0.0025247947823098557,0.09425110816955566,0.001354077874289651,rbf,0.01,1.0,"[100, 103, 102, 105]","{'model__kernel': 'rbf', 'model__gamma': 0.01, 'model__C': 1, 'feature_selection__columns': [100, 103, 102, 105]}",6637.5,6825.0,6887.5,6762.5,7262.5,6875.0,210.65374432940897,2
18,2.6185624599456787,0.028304812088983226,0.041648149490356445,0.0005765693214209922,linear,1.0,10.0,"[8, 100, 102, 103, 105, 403]","{'model__kernel': 'linear', 'model__gamma': 1, 'model__C': 10, 'feature_selection__columns': [8, 100, 102, 103, 105, 403]}",4112.5,4612.5,4362.5,3237.5,3925.0,4050.0,467.70717334674265,81
19,1.0230530738830566,0.01697756028837551,0.04494166374206543,0.0009792094567806938,poly,0.01,100.0,"[100, 103, 102, 105]","{'model__kernel': 'poly', 'model__gamma': 0.01, 'model__C': 100, 'feature_selection__columns': [100, 103, 102, 105]}",5950.0,5450.0,6262.5,5762.5,5887.5,5862.5,263.98390102428596,14
20,1.3871469020843505,0.008004099909765448,0.07774667739868164,0.0005976435702251685,rbf,1.0,1.0,"[100, 103, 102, 105]","{'model__kernel': 'rbf', 'model__gamma': 1, 'model__C': 1, 'feature_selection__columns': [100, 103, 102, 105]}",6637.5,6825.0,6700.0,6137.5,6825.0,6625.0,254.33737436719755,6
21,1.8296803951263427,0.009134742997187925,0.08059792518615723,0.0007951104607279391,sigmoid,0.001,100.0,"[8, 100, 103, 102, 105]","{'model__kernel': 'sigmoid', 'model__gamma': 0.001, 'model__C': 100, 'feature_selection__columns': [8, 100, 103, 102, 105]}",4625.0,5062.5,5312.5,4937.5,5062.5,5000.0,223.60679774997897,48
22,1.5061290740966797,0.005160950769595643,0.10266437530517578,0.0011851881293902904,rbf,0.001,0.1,"[100, 103, 102, 105]","{'model__kernel': 'rbf', 'model__gamma': 0.001, 'model__C': 0.1, 'feature_selection__columns': [100, 103, 102, 105]}",4887.5,5325.0,5387.5,4887.5,5012.5,5100.0,215.05813167606567,37
23,18.885815858840942,7.557918064158821,0.04015531539916992,0.0005298355565153467,linear,0.0001,100.0,"[8, 100, 103, 102, 105]","{'model__kernel': 'linear', 'model__gamma': 0.0001, 'model__C': 100, 'feature_selection__columns': [8, 100, 103, 102, 105]}",4687.5,5062.5,5312.5,4937.5,5125.0,5025.0,207.66559657295187,42
24,2.3649905204772947,0.03840990693858657,0.04423713684082031,0.0007051268393666309,poly,0.1,100.0,"[100, 103, 102, 105]","{'model__kernel': 'poly', 'model__gamma': 0.1, 'model__C': 100, 'feature_selection__columns': [100, 103, 102, 105]}",5512.5,5512.5,5825.0,5825.0,5637.5,5662.5,140.3121520040228,20
25,1.7752977848052978,0.0017815052411529627,0.07911438941955566,0.0009280113384019113,sigmoid,0.0001,1.0,"[100, 103, 102, 105]","{'model__kernel': 'sigmoid', 'model__gamma': 0.0001, 'model__C': 1, 'feature_selection__columns': [100, 103, 102, 105]}",5012.5,5325.0,5387.5,5200.0,5387.5,5262.5,142.52192813739225,24
26,2.339908218383789,0.024336094805061752,0.08582863807678223,0.0013823133580636354,rbf,1.0,10.0,"[100, 102, 103, 105, 403, 466]","{'model__kernel': 'rbf', 'model__gamma': 1, 'model__C': 10, 'feature_selection__columns': [100, 102, 103, 105, 403, 466]}",4987.5,4862.5,5362.5,4862.5,4987.5,5012.5,183.71173070873834,47
27,1.785512113571167,0.006450910355494927,0.07899775505065917,0.001265231107534574,sigmoid,0.001,10.0,"[100, 103, 102, 105]","{'model__kernel': 'sigmoid', 'model__gamma': 0.001, 'model__C': 10, 'feature_selection__columns': [100, 103, 102, 105]}",5075.0,5200.0,5450.0,5200.0,5387.5,5262.5,136.93063937629154,24
28,1.6320179939270019,0.14866546022322474,0.12080693244934082,0.03234663933734291,rbf,0.0001,10.0,"[100, 102, 103, 105, 403, 466]","{'model__kernel': 'rbf', 'model__gamma': 0.0001, 'model__C': 10, 'feature_selection__columns': [100, 102, 103, 105, 403, 466]}",3925.0,3800.0,4237.5,3112.5,3737.5,3762.5,367.84847423905404,97
29,1.8904931545257568,0.0714307693255852,0.08365297317504883,0.00035207945719116014,sigmoid,0.0001,1.0,"[8, 100, 102, 103, 105, 403]","{'model__kernel': 'sigmoid', 'model__gamma': 0.0001, 'model__C': 1, 'feature_selection__columns': [8, 100, 102, 103, 105, 403]}",4362.5,3925.0,3737.5,3425.0,3800.0,3850.0,304.6514401738485,92
30,1.7857341289520263,0.2394641741176619,0.1227151870727539,0.035526692625594034,rbf,0.01,0.1,"[100, 102, 103, 105, 403, 466]","{'model__kernel': 'rbf', 'model__gamma': 0.01, 'model__C': 0.1, 'feature_selection__columns': [100, 102, 103, 105, 403, 466]}",4487.5,5112.5,4862.5,5175.0,5112.5,4950.0,254.95097567963924,50
31,2.6203813552856445,0.02963126072753998,0.04221658706665039,0.0013755997103203478,linear,0.01,10.0,"[8, 100, 102, 103, 105, 403]","{'model__kernel': 'linear', 'model__gamma': 0.01, 'model__C': 10, 'feature_selection__columns': [8, 100, 102, 103, 105, 403]}",4112.5,4612.5,4362.5,3237.5,3925.0,4050.0,467.70717334674265,81
32,3453.255146789551,294.2678442069163,0.04734582901000976,0.0026291416378739644,poly,1.0,100.0,"[8, 100, 102, 103, 105, 403]","{'model__kernel': 'poly', 'model__gamma': 1, 'model__C': 100, 'feature_selection__columns': [8, 100, 102, 103, 105, 403]}",4550.0,4362.5,4987.5,4550.0,4175.0,4525.0,269.8379143115363,59
33,1.6025070667266845,0.0018668820344423683,0.10529985427856445,0.001121937255261608,rbf,0.01,0.1,"[8, 100, 102, 103, 105, 403]","{'model__kernel': 'rbf', 'model__gamma': 0.01, 'model__C': 0.1, 'feature_selection__columns': [8, 100, 102, 103, 105, 403]}",5050.0,5425.0,5237.5,5862.5,4675.0,5250.0,394.0970692608612,27
34,1.0181046962738036,0.0021328897655271107,0.044597434997558597,0.00043161737643009323,poly,0.0001,10.0,"[8, 100, 103, 102, 105]","{'model__kernel': 'poly', 'model__gamma': 0.0001, 'model__C': 10, 'feature_selection__columns': [8, 100, 103, 102, 105]}",5562.5,5437.5,5875.0,5687.5,5500.0,5612.5,155.1209205748857,21
35,1.4938151359558105,0.0022114427693178907,0.10008401870727539,0.00017694343070097805,rbf,0.0001,10.0,"[8, 100, 103, 102, 105]","{'model__kernel': 'rbf', 'model__gamma': 0.0001, 'model__C': 10, 'feature_selection__columns': [8, 100, 103, 102, 105]}",4875.0,5062.5,5187.5,4875.0,5312.5,5062.5,172.30060940112776,41
36,5.491541624069214,0.39055029431651056,0.04527029991149902,0.000911125858167013,poly,0.1,100.0,"[100, 102, 103, 105, 403, 466]","{'model__kernel': 'poly', 'model__gamma': 0.1, 'model__C': 100, 'feature_selection__columns': [100, 102, 103, 105, 403, 466]}",4675.0,4675.0,4050.0,4050.0,4487.5,4387.5,283.94541729001367,63
37,12.789408636093139,2.968350222052646,0.04081888198852539,0.0005052423601155821,linear,0.0001,100.0,"[8, 100, 102, 103, 105, 403]","{'model__kernel': 'linear', 'model__gamma': 0.0001, 'model__C': 100, 'feature_selection__columns': [8, 100, 102, 103, 105, 403]}",4112.5,4612.5,4362.5,3237.5,3925.0,4050.0,467.70717334674265,81
38,1.618147039413452,0.015185950644384568,0.07876191139221192,0.0008373008579774538,rbf,0.1,10.0,"[100, 102, 103, 105, 403, 466]","{'model__kernel': 'rbf', 'model__gamma': 0.1, 'model__C': 10, 'feature_selection__columns': [100, 102, 103, 105, 403, 466]}",6237.5,6425.0,5925.0,6300.0,6737.5,6325.0,263.98390102428596,10
39,1.0393749713897704,0.01999975132224348,0.04187774658203125,0.0011896496052862557,linear,0.1,1.0,"[8, 100, 103, 102, 105]","{'model__kernel': 'linear', 'model__gamma': 0.1, 'model__C': 1, 'feature_selection__columns': [8, 100, 103, 102, 105]}",4687.5,5062.5,5312.5,4937.5,5125.0,5025.0,207.66559657295187,42
40,2.1504753112792967,0.049829197577384396,0.04127039909362793,0.001396329567451743,linear,0.01,10.0,"[8, 100, 103, 102, 105]","{'model__kernel': 'linear', 'model__gamma': 0.01, 'model__C': 10, 'feature_selection__columns': [8, 100, 103, 102, 105]}",4687.5,5062.5,5312.5,4937.5,5125.0,5025.0,207.66559657295187,42
41,40.41715531349182,2.025175733645288,0.04537672996520996,0.00021887175654850504,poly,1.0,1.0,"[100, 102, 103, 105, 403, 466]","{'model__kernel': 'poly', 'model__gamma': 1, 'model__C': 1, 'feature_selection__columns': [100, 102, 103, 105, 403, 466]}",4737.5,4987.5,4050.0,4050.0,4425.0,4450.0,372.0719016534304,60
42,0.9962634563446044,0.00889571105410458,0.04389071464538574,0.0004016921334316727,poly,0.001,1.0,"[100, 103, 102, 105]","{'model__kernel': 'poly', 'model__gamma': 0.001, 'model__C': 1, 'feature_selection__columns': [100, 103, 102, 105]}",5762.5,5450.0,6200.0,5700.0,5887.5,5800.0,245.58603380485624,17
43,38.006594800949095,3.8656706597326376,0.04549012184143066,0.002066939955747388,poly,1.0,1.0,"[8, 100, 102, 103, 105, 403]","{'model__kernel': 'poly', 'model__gamma': 1, 'model__C': 1, 'feature_selection__columns': [8, 100, 102, 103, 105, 403]}",4925.0,4112.5,4362.5,4362.5,4112.5,4375.0,296.8585521759479,65
44,0.9396931171417237,0.019160385033592547,0.041438961029052736,0.0006420481500238106,linear,0.0001,0.1,"[8, 100, 102, 103, 105, 403]","{'model__kernel': 'linear', 'model__gamma': 0.0001, 'model__C': 0.1, 'feature_selection__columns': [8, 100, 102, 103, 105, 403]}",4112.5,4612.5,4300.0,3175.0,3925.0,4025.0,481.8583816849096,86
45,1.8414431095123291,0.004491317785762723,0.08387608528137207,6.500541037732472e-05,sigmoid,0.0001,0.1,"[8, 100, 102, 103, 105, 403]","{'model__kernel': 'sigmoid', 'model__gamma': 0.0001, 'model__C': 0.1, 'feature_selection__columns': [8, 100, 102, 103, 105, 403]}",4362.5,3925.0,3925.0,3487.5,3862.5,3912.5,277.82638463616087,90
46,1.8107216835021973,0.0009840983639306346,0.08194198608398437,0.00010025274169835813,sigmoid,0.001,0.1,"[8, 100, 103, 102, 105]","{'model__kernel': 'sigmoid', 'model__gamma': 0.001, 'model__C': 0.1, 'feature_selection__columns': [8, 100, 103, 102, 105]}",4875.0,5125.0,5187.5,5062.5,5312.5,5112.5,144.6979612848778,36
47,1.399191951751709,0.004719111879339595,0.08367300033569336,0.002058872327713899,rbf,0.01,10.0,"[8, 100, 102, 103, 105, 403]","{'model__kernel': 'rbf', 'model__gamma': 0.01, 'model__C': 10, 'feature_selection__columns': [8, 100, 102, 103, 105, 403]}",6362.5,6925.0,6550.0,6112.5,6800.0,6550.0,293.15098498896435,9
48,11.8754412651062,0.6638085921788692,0.04117331504821777,0.0007940002304843713,linear,1.0,100.0,"[100, 102, 103, 105, 403, 466]","{'model__kernel': 'linear', 'model__gamma': 1, 'model__C': 100, 'feature_selection__columns': [100, 102, 103, 105, 403, 466]}",3987.5,4487.5,4175.0,4362.5,4300.0,4262.5,170.4772712123232,68
49,0.8683172702789307,0.006020594814878182,0.039392948150634766,0.0008373323361023955,linear,0.1,0.1,"[100, 103, 102, 105]","{'model__kernel': 'linear', 'model__gamma': 0.1, 'model__C': 0.1, 'feature_selection__columns': [100, 103, 102, 105]}",5075.0,5200.0,5137.5,5137.5,5325.0,5175.0,84.77912478906585,34
50,1.847820806503296,0.007115148522320746,0.0837618350982666,0.0001281930030660025,sigmoid,0.001,0.1,"[100, 102, 103, 105, 403, 466]","{'model__kernel': 'sigmoid', 'model__gamma': 0.001, 'model__C': 0.1, 'feature_selection__columns': [100, 102, 103, 105, 403, 466]}",3862.5,3425.0,3550.0,3112.5,3487.5,3487.5,240.44230077089182,98
51,1.8954624652862548,0.018953223883802623,0.08201608657836915,0.0004486945837461719,sigmoid,0.01,1.0,"[8, 100, 102, 103, 105, 403]","{'model__kernel': 'sigmoid', 'model__gamma': 0.01, 'model__C': 1, 'feature_selection__columns': [8, 100, 102, 103, 105, 403]}",3987.5,4612.5,4237.5,3237.5,3987.5,4012.5,450.0,88
52,1.911598300933838,0.043635531830619495,0.03913431167602539,0.00044983598859598957,linear,1.0,10.0,"[100, 103, 102, 105]","{'model__kernel': 'linear', 'model__gamma': 1, 'model__C': 10, 'feature_selection__columns': [100, 103, 102, 105]}",5075.0,5200.0,5262.5,5137.5,5325.0,5200.0,88.38834764831844,30
53,0.9707412719726562,0.02373290522893704,0.03905396461486817,0.0006947337130562348,linear,0.001,1.0,"[100, 103, 102, 105]","{'model__kernel': 'linear', 'model__gamma': 0.001, 'model__C': 1, 'feature_selection__columns': [100, 103, 102, 105]}",5075.0,5200.0,5325.0,5075.0,5325.0,5200.0,111.80339887498948,30
54,615.5043238639831,29.650129261759567,0.04708366394042969,0.0027973873454059913,poly,1.0,100.0,"[100, 103, 102, 105]","{'model__kernel': 'poly', 'model__gamma': 1, 'model__C': 100, 'feature_selection__columns': [100, 103, 102, 105]}",5575.0,5762.5,5700.0,5700.0,5637.5,5675.0,63.73774391990981,19
55,2.6664548397064207,0.035502109780302236,0.04062504768371582,0.0011802231787156872,linear,0.001,10.0,"[100, 102, 103, 105, 403, 466]","{'model__kernel': 'linear', 'model__gamma': 0.001, 'model__C': 10, 'feature_selection__columns': [100, 102, 103, 105, 403, 466]}",3987.5,4487.5,4175.0,4362.5,4237.5,4250.0,169.5582495781317,70
56,0.9373991966247559,0.020343547367639034,0.040346193313598636,0.0003123684631665199,linear,1.0,0.1,"[8, 100, 102, 103, 105, 403]","{'model__kernel': 'linear', 'model__gamma': 1, 'model__C': 0.1, 'feature_selection__columns': [8, 100, 102, 103, 105, 403]}",4112.5,4612.5,4300.0,3175.0,3925.0,4025.0,481.8583816849096,86
57,2.662772226333618,0.03763225856258519,0.039806699752807616,0.0006985073683050061,linear,1.0,10.0,"[100, 102, 103, 105, 403, 466]","{'model__kernel': 'linear', 'model__gamma': 1, 'model__C': 10, 'feature_selection__columns': [100, 102, 103, 105, 403, 466]}",3987.5,4487.5,4175.0,4362.5,4237.5,4250.0,169.5582495781317,70
58,0.931792163848877,0.00249367984348127,0.04089646339416504,0.0028472028228114102,linear,0.0001,0.1,"[100, 102, 103, 105, 403, 466]","{'model__kernel': 'linear', 'model__gamma': 0.0001, 'model__C': 0.1, 'feature_selection__columns': [100, 102, 103, 105, 403, 466]}",3987.5,4487.5,4175.0,4362.5,4237.5,4250.0,169.5582495781317,70
59,1.8487977027893066,0.04338215910233547,0.06638221740722657,0.0013778776524176954,sigmoid,1.0,0.1,"[100, 103, 102, 105]","{'model__kernel': 'sigmoid', 'model__gamma': 1, 'model__C': 0.1, 'feature_selection__columns': [100, 103, 102, 105]}",3887.5,4700.0,4762.5,5262.5,4450.0,4612.5,448.2605269260277,58
60,1.4793939590454102,0.006245030434425347,0.10326671600341797,0.0020394169729021946,rbf,0.0001,1.0,"[100, 103, 102, 105]","{'model__kernel': 'rbf', 'model__gamma': 0.0001, 'model__C': 1, 'feature_selection__columns': [100, 103, 102, 105]}",5075.0,5325.0,5387.5,5200.0,5387.5,5275.0,121.19199643540823,23
61,0.9341140270233155,0.0035432082493994928,0.041174793243408205,0.0008131092684457885,linear,0.001,0.1,"[100, 102, 103, 105, 403, 466]","{'model__kernel': 'linear', 'model__gamma': 0.001, 'model__C': 0.1, 'feature_selection__columns': [100, 102, 103, 105, 403, 466]}",3987.5,4487.5,4175.0,4362.5,4237.5,4250.0,169.5582495781317,70
62,1.0721676826477051,0.020571779279206174,0.04753375053405762,0.0015360017066737331,poly,0.0001,10.0,"[100, 102, 103, 105, 403, 466]","{'model__kernel': 'poly', 'model__gamma': 0.0001, 'model__C': 10, 'feature_selection__columns': [100, 102, 103, 105, 403, 466]}",4300.0,4050.0,4612.5,4237.5,3675.0,4175.0,308.7272258807117,79
63,1.545213270187378,0.006332167227348479,0.10250129699707031,0.00040359237918851027,rbf,0.0001,100.0,"[100, 102, 103, 105, 403, 466]","{'model__kernel': 'rbf', 'model__gamma': 0.0001, 'model__C': 100, 'feature_selection__columns': [100, 102, 103, 105, 403, 466]}",3925.0,4550.0,4300.0,4425.0,4425.0,4325.0,215.05813167606567,67
64,1.8160603046417236,0.014052984154284257,0.08044610023498536,0.0010020381752068642,sigmoid,0.01,1.0,"[100, 103, 102, 105]","{'model__kernel': 'sigmoid', 'model__gamma': 0.01, 'model__C': 1, 'feature_selection__columns': [100, 103, 102, 105]}",5075.0,5200.0,5450.0,5200.0,5387.5,5262.5,136.93063937629154,24
65,1.685490036010742,0.013283542313640193,0.07953791618347168,0.002381457376473438,rbf,0.01,100.0,"[8, 100, 102, 103, 105, 403]","{'model__kernel': 'rbf', 'model__gamma': 0.01, 'model__C': 100, 'feature_selection__columns': [8, 100, 102, 103, 105, 403]}",6237.5,7050.0,6800.0,6175.0,6800.0,6612.5,344.6012188022555,7
66,1.3240621089935303,0.006846780998022243,0.07966451644897461,0.0011503041589707105,rbf,0.1,1.0,"[8, 100, 102, 103, 105, 403]","{'model__kernel': 'rbf', 'model__gamma': 0.1, 'model__C': 1, 'feature_selection__columns': [8, 100, 102, 103, 105, 403]}",6237.5,7050.0,6675.0,6237.5,6675.0,6575.0,307.71334062727925,8
67,1.5561913013458253,0.0029315865443018366,0.10084047317504882,0.0014855216997521862,rbf,0.01,0.1,"[8, 100, 103, 102, 105]","{'model__kernel': 'rbf', 'model__gamma': 0.01, 'model__C': 0.1, 'feature_selection__columns': [8, 100, 103, 102, 105]}",6062.5,6000.0,5687.5,6375.0,6125.0,6050.0,221.50056433336687,13
68,1.0038765907287597,0.007731652832660857,0.044632482528686526,0.0015765973031245002,poly,0.01,0.1,"[100, 103, 102, 105]","{'model__kernel': 'poly', 'model__gamma': 0.01, 'model__C': 0.1, 'feature_selection__columns': [100, 103, 102, 105]}",5887.5,5450.0,6387.5,5762.5,5825.0,5862.5,302.5929609227551,14
69,2.6625834941864013,0.03478335549825876,0.04005413055419922,0.0006394200389870702,linear,0.1,10.0,"[100, 102, 103, 105, 403, 466]","{'model__kernel': 'linear', 'model__gamma': 0.1, 'model__C': 10, 'feature_selection__columns': [100, 102, 103, 105, 403, 466]}",3987.5,4487.5,4175.0,4362.5,4237.5,4250.0,169.5582495781317,70
70,0.9344925880432129,0.005203613497065148,0.04046649932861328,0.00048021877926597475,linear,1.0,0.1,"[100, 102, 103, 105, 403, 466]","{'model__kernel': 'linear', 'model__gamma': 1, 'model__C': 0.1, 'feature_selection__columns': [100, 102, 103, 105, 403, 466]}",3987.5,4487.5,4175.0,4362.5,4237.5,4250.0,169.5582495781317,70
71,1.85237455368042,0.003369940672424652,0.08381929397583007,0.0002764256139767133,sigmoid,0.001,0.1,"[8, 100, 102, 103, 105, 403]","{'model__kernel': 'sigmoid', 'model__gamma': 0.001, 'model__C': 0.1, 'feature_selection__columns': [8, 100, 102, 103, 105, 403]}",4362.5,3925.0,3737.5,3425.0,3800.0,3850.0,304.6514401738485,92
72,1.688509225845337,0.04540834884563054,0.04485583305358887,0.001142323222074483,poly,0.1,10.0,"[100, 102, 103, 105, 403, 466]","{'model__kernel': 'poly', 'model__gamma': 0.1, 'model__C': 10, 'feature_selection__columns': [100, 102, 103, 105, 403, 466]}",4550.0,5050.0,3987.5,3987.5,4175.0,4350.0,405.81707701869817,66
73,3.6674795150756836,0.11724623033081331,0.04666323661804199,0.0045181653685018195,poly,0.1,100.0,"[8, 100, 103, 102, 105]","{'model__kernel': 'poly', 'model__gamma': 0.1, 'model__C': 100, 'feature_selection__columns': [8, 100, 103, 102, 105]}",4000.0,4812.5,4125.0,5437.5,5687.5,4812.5,676.618430136218,53
74,1.9145561695098876,0.04431442404719237,0.040035676956176755,0.0015371140451626165,linear,0.01,10.0,"[100, 103, 102, 105]","{'model__kernel': 'linear', 'model__gamma': 0.01, 'model__C': 10, 'feature_selection__columns': [100, 103, 102, 105]}",5075.0,5200.0,5262.5,5137.5,5325.0,5200.0,88.38834764831844,30
75,1.0032532215118408,0.011554345557321627,0.04542307853698731,0.002175480236676866,poly,0.0001,100.0,"[100, 103, 102, 105]","{'model__kernel': 'poly', 'model__gamma': 0.0001, 'model__C': 100, 'feature_selection__columns': [100, 103, 102, 105]}",5762.5,5450.0,6200.0,5700.0,5887.5,5800.0,245.58603380485624,17
76,1.5001280307769775,0.008178998762542236,0.09948668479919434,0.0016993230903579297,rbf,0.0001,100.0,"[8, 100, 103, 102, 105]","{'model__kernel': 'rbf', 'model__gamma': 0.0001, 'model__C': 100, 'feature_selection__columns': [8, 100, 103, 102, 105]}",4625.0,5000.0,5187.5,4937.5,5000.0,4950.0,182.8592354790974,50
77,1.5441205501556396,0.005897680123325724,0.10563087463378906,0.000465900918910128,rbf,0.0001,0.1,"[8, 100, 102, 103, 105, 403]","{'model__kernel': 'rbf', 'model__gamma': 0.0001, 'model__C': 0.1, 'feature_selection__columns': [8, 100, 102, 103, 105, 403]}",4362.5,3862.5,3925.0,3425.0,3800.0,3875.0,299.4787137677735,91
78,1.0431917190551758,0.02120787843406018,0.03939833641052246,0.0004972326008431036,linear,0.01,1.0,"[8, 100, 103, 102, 105]","{'model__kernel': 'linear', 'model__gamma': 0.01, 'model__C': 1, 'feature_selection__columns': [8, 100, 103, 102, 105]}",4687.5,5062.5,5312.5,4937.5,5125.0,5025.0,207.66559657295187,42
79,1.2902410507202149,0.007324393366865486,0.0781522274017334,0.00045901146835558706,rbf,0.1,1.0,"[100, 103, 102, 105]","{'model__kernel': 'rbf', 'model__gamma': 0.1, 'model__C': 1, 'feature_selection__columns': [100, 103, 102, 105]}",6512.5,7137.5,7012.5,6575.0,7325.0,6912.5,317.70662567847086,1
80,1.5436123847961425,0.006082506085914524,0.10278310775756835,0.0015821127704163914,rbf,0.001,10.0,"[100, 102, 103, 105, 403, 466]","{'model__kernel': 'rbf', 'model__gamma': 0.001, 'model__C': 10, 'feature_selection__columns': [100, 102, 103, 105, 403, 466]}",4425.0,5050.0,4612.5,4862.5,5112.5,4812.5,260.40833319999575,53
81,1.2650395393371583,0.012538406508954911,0.047446393966674806,0.0034824795083921428,poly,0.1,10.0,"[100, 103, 102, 105]","{'model__kernel': 'poly', 'model__gamma': 0.1, 'model__C': 10, 'feature_selection__columns': [100, 103, 102, 105]}",5450.0,5512.5,5762.5,5825.0,5512.5,5612.5,151.03807466993214,21
82,1.8483773231506349,0.014895029886814602,0.08151822090148926,0.00022401753868465447,sigmoid,0.01,1.0,"[8, 100, 103, 102, 105]","{'model__kernel': 'sigmoid', 'model__gamma': 0.01, 'model__C': 1, 'feature_selection__columns': [8, 100, 103, 102, 105]}",4937.5,5062.5,5312.5,5062.5,5062.5,5087.5,122.47448713915891,39
83,3.8510162830352783,0.062226334686064075,0.0765106201171875,0.00024492175155026516,rbf,0.1,100.0,"[100, 102, 103, 105, 403, 466]","{'model__kernel': 'rbf', 'model__gamma': 0.1, 'model__C': 100, 'feature_selection__columns': [100, 102, 103, 105, 403, 466]}",6175.0,6300.0,5987.5,6112.5,6237.5,6162.5,107.52906583803284,12
84,0.8901751518249512,0.013986587842554766,0.03979759216308594,0.0013745760898620325,linear,0.1,0.1,"[8, 100, 103, 102, 105]","{'model__kernel': 'linear', 'model__gamma': 0.1, 'model__C': 0.1, 'feature_selection__columns': [8, 100, 103, 102, 105]}",4625.0,5062.5,5312.5,4937.5,5062.5,5000.0,223.60679774997897,48
85,1.9167932987213134,0.04236302364428269,0.04020547866821289,0.0012085050155991857,linear,0.1,10.0,"[100, 103, 102, 105]","{'model__kernel': 'linear', 'model__gamma': 0.1, 'model__C': 10, 'feature_selection__columns': [100, 103, 102, 105]}",5075.0,5200.0,5262.5,5137.5,5325.0,5200.0,88.38834764831844,30
86,1.7125497341156006,0.0665231216250771,0.06384305953979492,0.0006797437773755782,sigmoid,1.0,10.0,"[8, 100, 102, 103, 105, 403]","{'model__kernel': 'sigmoid', 'model__gamma': 1, 'model__C': 10, 'feature_selection__columns': [8, 100, 102, 103, 105, 403]}",3925.0,4675.0,4550.0,4550.0,4362.5,4412.5,263.39134382131846,61
87,1.9255828380584716,0.023069777991118978,0.08169422149658204,0.00039153779959713375,sigmoid,0.01,1.0,"[100, 102, 103, 105, 403, 466]","{'model__kernel': 'sigmoid', 'model__gamma': 0.01, 'model__C': 1, 'feature_selection__columns': [100, 102, 103, 105, 403, 466]}",3925.0,4487.5,4237.5,4362.5,4300.0,4262.5,187.91620472966136,68
88,370.6299597263336,15.927773544276954,0.04519643783569336,0.0010158338157105894,poly,1.0,10.0,"[8, 100, 102, 103, 105, 403]","{'model__kernel': 'poly', 'model__gamma': 1, 'model__C': 10, 'feature_selection__columns': [8, 100, 102, 103, 105, 403]}",4862.5,4300.0,4300.0,4487.5,3987.5,4387.5,286.6836235294929,63
89,2.4409148693084717,0.027355870419526432,0.07614750862121582,0.0009753006670311614,rbf,0.1,100.0,"[100, 103, 102, 105]","{'model__kernel': 'rbf', 'model__gamma': 0.1, 'model__C': 100, 'feature_selection__columns': [100, 103, 102, 105]}",6262.5,6950.0,6950.0,6325.0,6825.0,6662.5,305.16389039334257,4
90,1.4460981369018555,0.00912386851362878,0.07416424751281739,0.0012712567404932888,rbf,0.1,10.0,"[8, 100, 103, 102, 105]","{'model__kernel': 'rbf', 'model__gamma': 0.1, 'model__C': 10, 'feature_selection__columns': [8, 100, 103, 102, 105]}",6250.0,6750.0,6750.0,6437.5,7000.0,6637.5,263.39134382131846,5
91,1.8228090763092042,0.011315311483877013,0.08153305053710938,0.0002520774550111502,sigmoid,0.001,10.0,"[8, 100, 103, 102, 105]","{'model__kernel': 'sigmoid', 'model__gamma': 0.001, 'model__C': 10, 'feature_selection__columns': [8, 100, 103, 102, 105]}",4937.5,5125.0,5312.5,5062.5,5062.5,5100.0,122.47448713915891,37
92,2.0200119495391844,0.0619063773951326,0.0711850643157959,0.000662456864262604,sigmoid,1.0,0.1,"[100, 102, 103, 105, 403, 466]","{'model__kernel': 'sigmoid', 'model__gamma': 1, 'model__C': 0.1, 'feature_selection__columns': [100, 102, 103, 105, 403, 466]}",4112.5,3925.0,4175.0,3987.5,3800.0,4000.0,133.46347815039138,89
93,2.2816930770874024,0.004913604206955157,0.09937920570373535,0.0004894359725793163,sigmoid,0.1,0.1,"[8, 100, 102, 103, 105, 403]","{'model__kernel': 'sigmoid', 'model__gamma': 0.1, 'model__C': 0.1, 'feature_selection__columns': [8, 100, 102, 103, 105, 403]}",4112.5,4737.5,4112.5,3425.0,3987.5,4075.0,417.58232721225164,80
94,16.699853038787843,8.618752316791095,0.040078926086425784,0.0013165212495301812,linear,0.0001,100.0,"[100, 103, 102, 105]","{'model__kernel': 'linear', 'model__gamma': 0.0001, 'model__C': 100, 'feature_selection__columns': [100, 103, 102, 105]}",5075.0,5200.0,5325.0,5137.5,5325.0,5212.5,100.0,29
95,1.0839832782745362,0.021095124910794818,0.04837989807128906,0.0013183213678677425,poly,0.01,100.0,"[100, 102, 103, 105, 403, 466]","{'model__kernel': 'poly', 'model__gamma': 0.01, 'model__C': 100, 'feature_selection__columns': [100, 102, 103, 105, 403, 466]}",3612.5,3675.0,4050.0,3800.0,3862.5,3800.0,153.09310892394862,95
96,1.8487584590911865,0.0019069764549016024,0.08414258956909179,0.0003352367888790977,sigmoid,0.0001,10.0,"[8, 100, 102, 103, 105, 403]","{'model__kernel': 'sigmoid', 'model__gamma': 0.0001, 'model__C': 10, 'feature_selection__columns': [8, 100, 102, 103, 105, 403]}",4362.5,3925.0,3737.5,3425.0,3800.0,3850.0,304.6514401738485,92
97,1.0165191173553467,0.03827738145756096,0.04548497200012207,0.002400903802944366,poly,0.001,100.0,"[100, 103, 102, 105]","{'model__kernel': 'poly', 'model__gamma': 0.001, 'model__C': 100, 'feature_selection__columns': [100, 103, 102, 105]}",5887.5,5450.0,6387.5,5762.5,5825.0,5862.5,302.5929609227551,14
98,1.517235279083252,0.003708291172646327,0.09598665237426758,0.0009384858073108618,rbf,0.001,100.0,"[100, 102, 103, 105, 403, 466]","{'model__kernel': 'rbf', 'model__gamma': 0.001, 'model__C': 100, 'feature_selection__columns': [100, 102, 103, 105, 403, 466]}",6112.5,6612.5,6050.0,6112.5,6425.0,6262.5,218.66069605669875,11
99,18.81203188896179,7.571056080298774,0.04011964797973633,0.0009876074822531343,linear,1.0,100.0,"[8, 100, 103, 102, 105]","{'model__kernel': 'linear', 'model__gamma': 1, 'model__C': 100, 'feature_selection__columns': [8, 100, 103, 102, 105]}",4687.5,5062.5,5312.5,4937.5,5125.0,5025.0,207.66559657295187,42
