Model,hyperparameters,Features,Accuracy,Precision,Recall,Profit
qda,{},"[102, 4, 3, 101]",0.607,0.6334106728538283,0.5374015748031497,5534.106728538283
mlp,"{'activation': 'relu', 'alpha': 0.05, 'hidden_layer_sizes': (50, 50, 50), 'learning_rate': 'constant', 'solver': 'adam'}","[102, 4, 3, 101]",0.612,0.6271186440677966,0.5826771653543307,5192.647058823529
svm,"{'C': 1, 'gamma': 'scale', 'kernel': 'rbf'}","[102, 4, 3, 101]",0.617,0.6450116009280742,0.547244094488189,5650.116009280742
nb,{'var_smoothing': 1e-09},"[102, 4, 3, 101]",0.607,0.6448362720403022,0.5039370078740157,5648.362720403023
svm,"{'C': 1, 'gamma': 'scale', 'kernel': 'rbf'}","[5, 4, 3]",0.588,0.6071428571428571,0.5354330708661418,5471.428571428571
gp,{},"[5, 4, 3]",0.597,0.6143790849673203,0.5551181102362205,5543.790849673203
qda,{},"[5, 4, 3]",0.59,0.6256410256410256,0.4803149606299212,5656.410256410257
rf,"{'max_depth': 6, 'max_features': 'sqrt', 'min_samples_leaf': 5, 'min_samples_split': 2}","[5, 4, 3]",0.575,0.5985748218527316,0.4960629921259842,5385.748218527316
rf,"{'max_depth': 4, 'max_features': 'sqrt', 'min_samples_leaf': 2, 'min_samples_split': 6}","[102, 8, 6, 3]",0.589,0.6321525885558583,0.4566929133858268,5521.5258855585835
ada,"{'algorithm': 'SAMME', 'learning_rate': 0.5, 'n_estimators': 200}","[102, 8, 6, 3]",0.59,0.6376404494382022,0.4468503937007874,5558.695652173914
xgb,"{'learning_rate': 0.01, 'max_depth': 3, 'n_estimators': 100, 'subsample': 0.8}","[102, 8, 6, 3]",0.597,0.6530612244897959,0.4409448818897638,5730.612244897959
lr,"{'C': 0.001, 'penalty': 'l2', 'solver': 'saga'}","[102, 8, 6, 3]",0.509,0.5300353356890459,0.2952755905511811,4419.512195121952
nb,{'var_smoothing': 1e-09},"[8, 102, 105, 2]",0.632,0.6794871794871795,0.5216535433070866,5994.871794871795
qda,{},"[8, 102, 105, 2]",0.646,0.6934673366834171,0.5433070866141733,6134.673366834171
rf,"{'max_depth': 4, 'max_features': 'sqrt', 'min_samples_leaf': 2, 'min_samples_split': 2}","[8, 102, 105, 2]",0.634,0.6606334841628959,0.5748031496062992,5806.334841628959
svm,"{'C': 0.1, 'gamma': 'scale', 'kernel': 'rbf'}","[8, 102, 105, 2]",0.643,0.6637744034707158,0.6023622047244095,5837.744034707158
lr,"{'C': 0.001, 'penalty': 'l2', 'solver': 'saga'}","[2, 101, 4]",0.502,0.5462962962962963,0.1161417322834645,4746.820809248555
ert,"{'max_depth': 10, 'max_features': 'sqrt', 'min_samples_leaf': 4, 'min_samples_split': 10}","[2, 101, 4]",0.594,0.6294416243654822,0.4881889763779528,4960.253699788584
mlp,"{'activation': 'relu', 'alpha': 0.0001, 'hidden_layer_sizes': (100,), 'learning_rate': 'adaptive', 'solver': 'adam'}","[2, 101, 4]",0.597,0.6096033402922756,0.5748031496062992,5451.502145922747
svm,"{'C': 0.1, 'gamma': 'scale', 'kernel': 'rbf'}","[2, 101, 4]",0.579,0.5964523281596452,0.5295275590551181,5364.523281596452
rf,"{'max_depth': 4, 'max_features': 'sqrt', 'min_samples_leaf': 5, 'min_samples_split': 2}","[3, 104, 101]",0.599,0.6419098143236074,0.4763779527559055,5819.098143236074
qda,{},"[3, 104, 101]",0.604,0.6414141414141414,0.5,5814.141414141414
gp,{},"[3, 104, 101]",0.61,0.6322869955156951,0.5551181102362205,5722.869955156951
ert,"{'max_depth': 10, 'max_features': 'sqrt', 'min_samples_leaf': 4, 'min_samples_split': 2}","[3, 104, 101]",0.602,0.6410256410256411,0.4921259842519685,5104.8458149779735
nb,{'var_smoothing': 1e-09},"[104, 3]",0.586,0.6263440860215054,0.4586614173228346,5863.440860215053
ert,"{'max_depth': 10, 'max_features': 'sqrt', 'min_samples_leaf': 2, 'min_samples_split': 5}","[104, 3]",0.588,0.6224489795918368,0.4803149606299212,5000.41067761807
knn,"{'n_neighbors': 9, 'p': 1, 'weights': 'uniform'}","[104, 3]",0.516,0.5251046025104602,0.4940944881889764,4916.205533596838
mlp,"{'activation': 'tanh', 'alpha': 0.05, 'hidden_layer_sizes': (50, 100, 50), 'learning_rate': 'adaptive', 'solver': 'adam'}","[104, 3]",0.587,0.6178660049627791,0.4901574803149606,5384.499054820416
xgb,"{'learning_rate': 0.01, 'max_depth': 4, 'n_estimators': 300, 'subsample': 0.8}","[104, 3, 5]",0.585,0.6049661399548533,0.5275590551181102,5449.661399548532
knn,"{'n_neighbors': 9, 'p': 2, 'weights': 'uniform'}","[104, 3, 5]",0.55,0.5609243697478992,0.5255905511811023,5025.0
ert,"{'max_depth': 20, 'max_features': 'log2', 'min_samples_leaf': 2, 'min_samples_split': 10}","[104, 3, 5]",0.574,0.5966981132075472,0.4980314960629921,4945.851528384279
lr,"{'C': 0.001, 'penalty': 'l2', 'solver': 'saga'}","[104, 3, 5]",0.521,0.5587044534412956,0.2716535433070866,4569.712793733682
nb,{'var_smoothing': 1e-09},"[8, 102, 5, 3]",0.582,0.6229508196721312,0.4488188976377952,5429.508196721312
lr,"{'C': 0.01, 'penalty': 'l2', 'solver': 'liblinear'}","[8, 102, 5, 3]",0.496,0.5049751243781094,0.3996062992125984,4396.07843137255
mlp,"{'activation': 'relu', 'alpha': 0.0001, 'hidden_layer_sizes': (50, 100, 50), 'learning_rate': 'adaptive', 'solver': 'adam'}","[8, 102, 5, 3]",0.582,0.5760135135135135,0.6712598425196851,5856.976744186046
gp,{},"[8, 102, 5, 3]",0.635,0.6666666666666666,0.562992125984252,5866.666666666666
rf,"{'max_depth': 6, 'max_features': 'sqrt', 'min_samples_leaf': 5, 'min_samples_split': 2}","[105, 102, 3, 2, 103, 100, 8]",0.663,0.6854663774403471,0.6220472440944882,5454.6637744034715
xgb,"{'learning_rate': 0.1, 'max_depth': 3, 'n_estimators': 100, 'subsample': 0.8}","[105, 102, 3, 2, 103, 100, 8]",0.662,0.6770833333333334,0.639763779527559,5370.833333333334
lr,"{'C': 0.001, 'penalty': 'l2', 'solver': 'saga'}","[105, 102, 3, 2, 103, 100, 8]",0.516,0.5337078651685393,0.374015748031496,3891.3752913752905
svm,"{'C': 0.1, 'gamma': 'scale', 'kernel': 'rbf'}","[105, 102, 3, 2, 103, 100, 8]",0.677,0.6810176125244618,0.6850393700787402,5410.176125244618
nb,{'var_smoothing': 1e-09},"[3, 102]",0.595,0.6380697050938338,0.468503937007874,5980.697050938337
svm,"{'C': 0.1, 'gamma': 'scale', 'kernel': 'rbf'}","[3, 102]",0.59,0.6282722513089005,0.4724409448818897,5882.722513089006
ert,"{'max_depth': 10, 'max_features': 'sqrt', 'min_samples_leaf': 2, 'min_samples_split': 5}","[3, 102]",0.572,0.6015228426395939,0.4665354330708661,4952.1126760563375
qda,{},"[3, 102]",0.588,0.6276595744680851,0.4645669291338583,5876.595744680851
qda,{},"[6, 8]",0.571,0.6118980169971672,0.4251968503937008,5718.980169971672
ada,"{'algorithm': 'SAMME', 'learning_rate': 0.1, 'n_estimators': 200}","[6, 8]",0.551,0.649746192893401,0.2519685039370078,5734.751773049646
xgb,"{'learning_rate': 0.01, 'max_depth': 4, 'n_estimators': 300, 'subsample': 1.0}","[6, 8]",0.561,0.6088328075709779,0.3799212598425197,5688.328075709779
svm,"{'C': 1, 'gamma': 'scale', 'kernel': 'rbf'}","[6, 8]",0.584,0.6329479768786127,0.4311023622047244,5929.479768786127
xgb,"{'learning_rate': 0.01, 'max_depth': 3, 'n_estimators': 300, 'subsample': 0.8}","[8, 101, 100, 105]",0.651,0.6802721088435374,0.5905511811023622,6002.7210884353735
svm,"{'C': 0.1, 'gamma': 'scale', 'kernel': 'rbf'}","[8, 101, 100, 105]",0.671,0.6808080808080809,0.6633858267716536,6008.080808080808
mlp,"{'activation': 'relu', 'alpha': 0.0001, 'hidden_layer_sizes': (50, 100, 50), 'learning_rate': 'adaptive', 'solver': 'adam'}","[8, 101, 100, 105]",0.673,0.7024608501118568,0.6181102362204725,6049.8942917547565
nb,{'var_smoothing': 1e-09},"[8, 101, 100, 105]",0.658,0.7064676616915423,0.5590551181102362,6264.6766169154225
nb,{'var_smoothing': 1e-09},"[6, 103]",0.58,0.6257142857142857,0.4311023622047244,5857.142857142857
svm,"{'C': 0.1, 'gamma': 'scale', 'kernel': 'rbf'}","[6, 103]",0.59,0.6376404494382022,0.4468503937007874,5976.404494382022
knn,"{'n_neighbors': 7, 'p': 2, 'weights': 'uniform'}","[6, 103]",0.522,0.5321888412017167,0.4881889763779528,4840.083507306889
ada,"{'algorithm': 'SAMME', 'learning_rate': 1.0, 'n_estimators': 200}","[6, 103]",0.57,0.6065573770491803,0.437007874015748,5698.901098901099
nb,{'var_smoothing': 1e-09},"[101, 8, 104, 4, 105, 2, 5]",0.623,0.6728232189973615,0.5019685039370079,5328.232189973615
lr,"{'C': 0.001, 'penalty': 'l2', 'solver': 'saga'}","[101, 8, 104, 4, 105, 2, 5]",0.535,0.5653495440729484,0.3661417322834646,3767.785234899329
gp,{},"[101, 8, 104, 4, 105, 2, 5]",0.658,0.6693877551020408,0.6456692913385826,5293.877551020409
svm,"{'C': 0.1, 'gamma': 'scale', 'kernel': 'rbf'}","[101, 8, 104, 4, 105, 2, 5]",0.655,0.6613861386138614,0.65748031496063,5213.861386138614
nb,{'var_smoothing': 1e-09},"[103, 8, 6, 5]",0.593,0.6463768115942029,0.4389763779527559,5663.768115942029
mlp,"{'activation': 'relu', 'alpha': 0.0001, 'hidden_layer_sizes': (50, 50, 50), 'learning_rate': 'adaptive', 'solver': 'adam'}","[103, 8, 6, 5]",0.59,0.6118721461187214,0.5275590551181102,5581.4180929095355
knn,"{'n_neighbors': 9, 'p': 2, 'weights': 'uniform'}","[103, 8, 6, 5]",0.55,0.5677570093457944,0.4783464566929133,4883.297180043384
xgb,"{'learning_rate': 0.01, 'max_depth': 4, 'n_estimators': 100, 'subsample': 1.0}","[103, 8, 6, 5]",0.582,0.6256983240223464,0.4409448818897638,5456.983240223463
xgb,"{'learning_rate': 0.01, 'max_depth': 5, 'n_estimators': 300, 'subsample': 0.8}","[8, 3, 105, 5, 2, 101, 102]",0.64,0.6615720524017468,0.5964566929133859,5215.720524017468
svm,"{'C': 1, 'gamma': 'scale', 'kernel': 'rbf'}","[8, 3, 105, 5, 2, 101, 102]",0.68,0.6942148760330579,0.6614173228346457,5542.148760330579
ada,"{'algorithm': 'SAMME.R', 'learning_rate': 0.1, 'n_estimators': 200}","[8, 3, 105, 5, 2, 101, 102]",0.632,0.6515151515151515,0.59251968503937,5087.068965517241
rf,"{'max_depth': 6, 'max_features': 'sqrt', 'min_samples_leaf': 2, 'min_samples_split': 6}","[8, 3, 105, 5, 2, 101, 102]",0.631,0.6561797752808989,0.5748031496062992,5161.797752808989
mlp,"{'activation': 'relu', 'alpha': 0.0001, 'hidden_layer_sizes': (50, 100, 50), 'learning_rate': 'constant', 'solver': 'adam'}","[8, 5, 101]",0.584,0.5867924528301887,0.6122047244094488,5941.554959785522
lr,"{'C': 0.001, 'penalty': 'l2', 'solver': 'saga'}","[8, 5, 101]",0.513,0.5981308411214953,0.1259842519685039,5275.486381322958
nb,{'var_smoothing': 1e-09},"[8, 5, 101]",0.587,0.6338028169014085,0.4429133858267716,5738.028169014085
ert,"{'max_depth': 10, 'max_features': 'sqrt', 'min_samples_leaf': 4, 'min_samples_split': 2}","[8, 5, 101]",0.592,0.6336898395721925,0.4665354330708661,4769.127516778523
nb,{'var_smoothing': 1e-09},"[103, 8, 4, 5, 101, 105]",0.623,0.6658227848101266,0.5177165354330708,5458.227848101265
gp,{},"[103, 8, 4, 5, 101, 105]",0.671,0.6892177589852009,0.6417322834645669,5692.177589852009
knn,"{'n_neighbors': 9, 'p': 1, 'weights': 'uniform'}","[103, 8, 4, 5, 101, 105]",0.605,0.6395061728395062,0.5098425196850394,4790.990990990991
ert,"{'max_depth': 20, 'max_features': 'log2', 'min_samples_leaf': 4, 'min_samples_split': 2}","[103, 8, 4, 5, 101, 105]",0.647,0.6624737945492662,0.6220472440944882,5176.146788990825
ert,"{'max_depth': 10, 'max_features': 'sqrt', 'min_samples_leaf': 1, 'min_samples_split': 5}","[4, 3]",0.568,0.5871559633027523,0.5039370078740157,4930.578512396694
qda,{},"[4, 3]",0.573,0.6062992125984252,0.4547244094488189,5662.992125984252
rf,"{'max_depth': 6, 'max_features': 'sqrt', 'min_samples_leaf': 2, 'min_samples_split': 6}","[4, 3]",0.577,0.5981524249422633,0.5098425196850394,5581.524249422633
xgb,"{'learning_rate': 0.01, 'max_depth': 4, 'n_estimators': 300, 'subsample': 0.8}","[4, 3]",0.584,0.6,0.5433070866141733,5600.0
lr,"{'C': 0.001, 'penalty': 'l2', 'solver': 'saga'}","[105, 3, 101, 104, 100]",0.53,0.5533707865168539,0.3877952755905511,4248.2269503546095
rf,"{'max_depth': 6, 'max_features': 'sqrt', 'min_samples_leaf': 5, 'min_samples_split': 2}","[105, 3, 101, 104, 100]",0.673,0.6954643628509719,0.6338582677165354,5954.643628509719
ert,"{'max_depth': 10, 'max_features': 'sqrt', 'min_samples_leaf': 4, 'min_samples_split': 5}","[105, 3, 101, 104, 100]",0.663,0.6930022573363431,0.6043307086614174,5257.796257796258
svm,"{'C': 0.1, 'gamma': 'scale', 'kernel': 'rbf'}","[105, 3, 101, 104, 100]",0.675,0.6833667334669339,0.6712598425196851,5833.667334669339
mlp,"{'activation': 'relu', 'alpha': 0.05, 'hidden_layer_sizes': (50, 100, 50), 'learning_rate': 'constant', 'solver': 'adam'}","[5, 3, 101, 102]",0.628,0.640495867768595,0.610236220472441,5692.027334851937
gp,{},"[5, 3, 101, 102]",0.617,0.6310272536687631,0.59251968503937,5510.272536687631
qda,{},"[5, 3, 101, 102]",0.625,0.6633906633906634,0.531496062992126,5833.906633906634
svm,"{'C': 1, 'gamma': 'scale', 'kernel': 'rbf'}","[5, 3, 101, 102]",0.617,0.6450116009280742,0.547244094488189,5650.116009280742
nb,{'var_smoothing': 1e-09},"[105, 102, 100]",0.65,0.6889952153110048,0.5669291338582677,6289.952153110048
lr,"{'C': 0.001, 'penalty': 'l2', 'solver': 'saga'}","[105, 102, 100]",0.543,0.5830618892508144,0.3523622047244094,4700.0
knn,"{'n_neighbors': 9, 'p': 2, 'weights': 'uniform'}","[105, 102, 100]",0.654,0.6738197424892703,0.6181102362204725,5692.372881355932
mlp,"{'activation': 'relu', 'alpha': 0.05, 'hidden_layer_sizes': (100,), 'learning_rate': 'constant', 'solver': 'adam'}","[105, 102, 100]",0.654,0.6659836065573771,0.639763779527559,6131.601731601731
gp,{},"[101, 103, 100, 104, 5, 3]",0.65,0.6639004149377593,0.6299212598425197,5439.004149377593
xgb,"{'learning_rate': 0.01, 'max_depth': 4, 'n_estimators': 300, 'subsample': 0.8}","[101, 103, 100, 104, 5, 3]",0.653,0.680089485458613,0.5984251968503937,5600.89485458613
rf,"{'max_depth': 6, 'max_features': 'sqrt', 'min_samples_leaf': 5, 'min_samples_split': 2}","[101, 103, 100, 104, 5, 3]",0.66,0.6883408071748879,0.6043307086614174,5683.408071748879
knn,"{'n_neighbors': 9, 'p': 2, 'weights': 'uniform'}","[101, 103, 100, 104, 5, 3]",0.603,0.6324582338902148,0.5216535433070866,4710.112359550562
svm,"{'C': 1, 'gamma': 'scale', 'kernel': 'rbf'}","[100, 6, 2, 102, 103, 5, 101]",0.679,0.6993603411513859,0.6456692913385826,5593.603411513859
rf,"{'max_depth': 6, 'max_features': 'sqrt', 'min_samples_leaf': 5, 'min_samples_split': 2}","[100, 6, 2, 102, 103, 5, 101]",0.66,0.6794871794871795,0.6259842519685039,5394.871794871795
ada,"{'algorithm': 'SAMME', 'learning_rate': 1.0, 'n_estimators': 200}","[100, 6, 2, 102, 103, 5, 101]",0.643,0.6576200417536534,0.6200787401574803,5238.297872340425
nb,{'var_smoothing': 1e-09},"[100, 6, 2, 102, 103, 5, 101]",0.665,0.702576112412178,0.5905511811023622,5625.76112412178
svm,"{'C': 1, 'gamma': 'scale', 'kernel': 'rbf'}","[104, 4, 102, 2, 100, 103, 101]",0.694,0.701195219123506,0.6929133858267716,5611.95219123506
lr,"{'C': 0.001, 'penalty': 'l2', 'solver': 'saga'}","[104, 4, 102, 2, 100, 103, 101]",0.528,0.5625,0.3188976377952756,3807.3732718894007
qda,{},"[104, 4, 102, 2, 100, 103, 101]",0.722,0.7457264957264957,0.687007874015748,6057.264957264957
rf,"{'max_depth': 6, 'max_features': 'sqrt', 'min_samples_leaf': 10, 'min_samples_split': 2}","[104, 4, 102, 2, 100, 103, 101]",0.665,0.6754563894523327,0.655511811023622,5354.563894523327
nb,{'var_smoothing': 1e-09},"[6, 8, 104, 101, 3, 102, 100]",0.642,0.6847290640394089,0.547244094488189,5447.290640394089
svm,"{'C': 0.1, 'gamma': 'scale', 'kernel': 'rbf'}","[6, 8, 104, 101, 3, 102, 100]",0.672,0.6814516129032258,0.6653543307086615,5414.516129032258
xgb,"{'learning_rate': 0.1, 'max_depth': 4, 'n_estimators': 100, 'subsample': 0.8}","[6, 8, 104, 101, 3, 102, 100]",0.662,0.6763485477178424,0.6417322834645669,5363.485477178424
ada,"{'algorithm': 'SAMME.R', 'learning_rate': 0.5, 'n_estimators': 200}","[6, 8, 104, 101, 3, 102, 100]",0.651,0.6724511930585684,0.610236220472441,5037.5
xgb,"{'learning_rate': 0.01, 'max_depth': 4, 'n_estimators': 300, 'subsample': 0.8}","[103, 102, 8, 2]",0.612,0.6376146788990825,0.547244094488189,5576.146788990825
ert,"{'max_depth': None, 'max_features': 'sqrt', 'min_samples_leaf': 4, 'min_samples_split': 10}","[103, 102, 8, 2]",0.607,0.6286353467561522,0.5531496062992126,4895.364238410596
ada,"{'algorithm': 'SAMME.R', 'learning_rate': 0.1, 'n_estimators': 200}","[103, 102, 8, 2]",0.607,0.6303854875283447,0.547244094488189,5484.403669724771
gp,{},"[103, 102, 8, 2]",0.622,0.6490825688073395,0.5570866141732284,5690.825688073395
ada,"{'algorithm': 'SAMME', 'learning_rate': 1.0, 'n_estimators': 200}","[4, 2, 6, 102, 101, 5, 100]",0.636,0.6565217391304348,0.594488188976378,4953.944562899787
gp,{},"[4, 2, 6, 102, 101, 5, 100]",0.666,0.6858974358974359,0.6318897637795275,5458.974358974359
qda,{},"[4, 2, 6, 102, 101, 5, 100]",0.697,0.7293064876957495,0.6417322834645669,5893.064876957495
xgb,"{'learning_rate': 0.1, 'max_depth': 3, 'n_estimators': 200, 'subsample': 0.8}","[4, 2, 6, 102, 101, 5, 100]",0.648,0.6733333333333333,0.5964566929133859,5333.333333333333
lr,"{'C': 0.001, 'penalty': 'l2', 'solver': 'saga'}","[4, 6, 3, 2, 104, 100, 101]",0.517,0.5506072874493927,0.2677165354330709,3733.9285714285706
mlp,"{'activation': 'relu', 'alpha': 0.0001, 'hidden_layer_sizes': (50, 100, 50), 'learning_rate': 'adaptive', 'solver': 'adam'}","[4, 6, 3, 2, 104, 100, 101]",0.651,0.6485981308411215,0.6830708661417323,5354.563894523327
xgb,"{'learning_rate': 0.1, 'max_depth': 5, 'n_estimators': 100, 'subsample': 0.8}","[4, 6, 3, 2, 104, 100, 101]",0.646,0.665948275862069,0.6082677165354331,5259.482758620689
qda,{},"[4, 6, 3, 2, 104, 100, 101]",0.682,0.7074235807860262,0.6377952755905512,5674.235807860262
gp,{},"[104, 8, 4, 105, 3]",0.659,0.6680080482897385,0.6535433070866141,5680.080482897385
ert,"{'max_depth': 20, 'max_features': 'log2', 'min_samples_leaf': 4, 'min_samples_split': 2}","[104, 8, 4, 105, 3]",0.649,0.6592292089249493,0.639763779527559,5184.486373165619
nb,{'var_smoothing': 1e-09},"[104, 8, 4, 105, 3]",0.61,0.6505102040816326,0.5019685039370079,5505.102040816326
qda,{},"[104, 8, 4, 105, 3]",0.65,0.6779279279279279,0.59251968503937,5779.279279279279
ert,"{'max_depth': 10, 'max_features': 'log2', 'min_samples_leaf': 2, 'min_samples_split': 10}","[6, 3, 104, 4, 102, 105]",0.644,0.6800947867298578,0.5649606299212598,5353.191489361701
qda,{},"[6, 3, 104, 4, 102, 105]",0.664,0.6894273127753304,0.6161417322834646,5694.273127753304
knn,"{'n_neighbors': 7, 'p': 2, 'weights': 'distance'}","[6, 3, 104, 4, 102, 105]",0.618,0.65,0.5374015748031497,5217.233560090703
lr,"{'C': 0.1, 'penalty': 'l1', 'solver': 'saga'}","[6, 3, 104, 4, 102, 105]",0.527,0.5454545454545454,0.4133858267716535,4039.2344497607655
mlp,"{'activation': 'relu', 'alpha': 0.0001, 'hidden_layer_sizes': (50, 100, 50), 'learning_rate': 'constant', 'solver': 'adam'}","[3, 103, 104, 4]",0.617,0.625250501002004,0.6141732283464567,5637.5
rf,"{'max_depth': 6, 'max_features': 'sqrt', 'min_samples_leaf': 5, 'min_samples_split': 2}","[3, 103, 104, 4]",0.597,0.6296296296296297,0.5019685039370079,5496.2962962962965
qda,{},"[3, 103, 104, 4]",0.634,0.663594470046083,0.5669291338582677,5835.94470046083
xgb,"{'learning_rate': 0.01, 'max_depth': 4, 'n_estimators': 300, 'subsample': 0.8}","[3, 103, 104, 4]",0.619,0.6459770114942529,0.5531496062992126,5659.770114942529
ert,"{'max_depth': 10, 'max_features': 'sqrt', 'min_samples_leaf': 4, 'min_samples_split': 5}","[5, 102, 8, 2, 104, 103]",0.623,0.6617283950617284,0.5275590551181102,5114.6551724137935
knn,"{'n_neighbors': 7, 'p': 1, 'weights': 'distance'}","[5, 102, 8, 2, 104, 103]",0.569,0.5914489311163895,0.4901574803149606,4546.102449888642
mlp,"{'activation': 'relu', 'alpha': 0.0001, 'hidden_layer_sizes': (50, 50, 50), 'learning_rate': 'adaptive', 'solver': 'adam'}","[5, 102, 8, 2, 104, 103]",0.631,0.6666666666666666,0.547244094488189,5483.291770573566
svm,"{'C': 1, 'gamma': 'scale', 'kernel': 'rbf'}","[5, 102, 8, 2, 104, 103]",0.632,0.6612903225806451,0.5649606299212598,5412.903225806452
knn,"{'n_neighbors': 7, 'p': 1, 'weights': 'distance'}","[5, 4, 8]",0.559,0.5729847494553377,0.5177165354330708,5049.484536082474
mlp,"{'activation': 'relu', 'alpha': 0.05, 'hidden_layer_sizes': (50, 100, 50), 'learning_rate': 'constant', 'solver': 'adam'}","[5, 4, 8]",0.564,0.5837209302325581,0.4940944881889764,5226.972010178118
svm,"{'C': 1, 'gamma': 'scale', 'kernel': 'rbf'}","[5, 4, 8]",0.579,0.6090225563909775,0.4783464566929133,5490.225563909775
gp,{},"[5, 4, 8]",0.587,0.611764705882353,0.5118110236220472,5517.64705882353
xgb,"{'learning_rate': 0.01, 'max_depth': 4, 'n_estimators': 200, 'subsample': 0.8}","[105, 102, 6, 5]",0.62,0.6545893719806763,0.5334645669291339,5745.893719806763
rf,"{'max_depth': 6, 'max_features': 'sqrt', 'min_samples_leaf': 2, 'min_samples_split': 6}","[105, 102, 6, 5]",0.614,0.6445497630331753,0.5354330708661418,5645.4976303317535
qda,{},"[105, 102, 6, 5]",0.629,0.6683046683046683,0.5354330708661418,5883.046683046683
ada,"{'algorithm': 'SAMME.R', 'learning_rate': 0.1, 'n_estimators': 200}","[105, 102, 6, 5]",0.613,0.6443914081145584,0.531496062992126,5724.822695035462
rf,"{'max_depth': 4, 'max_features': 'sqrt', 'min_samples_leaf': 2, 'min_samples_split': 6}","[102, 6, 100]",0.622,0.6497695852534562,0.5551181102362205,5897.695852534562
qda,{},"[102, 6, 100]",0.638,0.6843434343434344,0.5334645669291339,6243.434343434344
lr,"{'C': 1.0, 'penalty': 'l1', 'solver': 'saga'}","[102, 6, 100]",0.517,0.5344352617079889,0.3818897637795275,4639.36170212766
knn,"{'n_neighbors': 9, 'p': 1, 'weights': 'uniform'}","[102, 6, 100]",0.59,0.6098654708520179,0.5354330708661418,5512.311015118791
lr,"{'C': 0.001, 'penalty': 'l2', 'solver': 'saga'}","[103, 100, 101, 2, 105]",0.518,0.5384615384615384,0.358267716535433,4232.2738386308065
gp,{},"[103, 100, 101, 2, 105]",0.692,0.7074688796680498,0.6712598425196851,6074.688796680498
svm,"{'C': 0.1, 'gamma': 'scale', 'kernel': 'rbf'}","[103, 100, 101, 2, 105]",0.684,0.692,0.6811023622047244,5919.999999999999
knn,"{'n_neighbors': 7, 'p': 2, 'weights': 'uniform'}","[103, 100, 101, 2, 105]",0.629,0.648590021691974,0.5885826771653543,5365.591397849463
qda,{},"[2, 3, 103]",0.607,0.6558265582655827,0.4763779527559055,5958.265582655827
gp,{},"[2, 3, 103]",0.606,0.6363636363636364,0.5236220472440944,5763.636363636364
lr,"{'C': 0.001, 'penalty': 'l2', 'solver': 'saga'}","[2, 3, 103]",0.505,0.5218855218855218,0.3051181102362205,4436.144578313253
knn,"{'n_neighbors': 5, 'p': 1, 'weights': 'distance'}","[2, 3, 103]",0.538,0.5454545454545454,0.5433070866141733,4746.534653465347
knn,"{'n_neighbors': 7, 'p': 1, 'weights': 'uniform'}","[8, 4, 102, 105]",0.578,0.5968468468468469,0.5216535433070866,5087.445887445888
qda,{},"[8, 4, 102, 105]",0.635,0.6739659367396593,0.5452755905511811,5939.659367396594
gp,{},"[8, 4, 102, 105]",0.635,0.6585365853658537,0.5846456692913385,5785.365853658537
svm,"{'C': 1, 'gamma': 'scale', 'kernel': 'rbf'}","[8, 4, 102, 105]",0.649,0.6838407494145199,0.5748031496062992,6038.407494145199
mlp,"{'activation': 'relu', 'alpha': 0.05, 'hidden_layer_sizes': (100,), 'learning_rate': 'constant', 'solver': 'adam'}","[8, 101, 100, 103, 5]",0.603,0.5939086294416244,0.6909448818897638,5583.850931677019
rf,"{'max_depth': 6, 'max_features': 'sqrt', 'min_samples_leaf': 2, 'min_samples_split': 6}","[8, 101, 100, 103, 5]",0.65,0.6820276497695853,0.5826771653543307,5820.276497695853
lr,"{'C': 0.001, 'penalty': 'l2', 'solver': 'saga'}","[8, 101, 100, 103, 5]",0.507,0.5321888412017167,0.2440944881889764,4195.121951219512
ert,"{'max_depth': 10, 'max_features': 'log2', 'min_samples_leaf': 4, 'min_samples_split': 5}","[8, 101, 100, 103, 5]",0.652,0.696078431372549,0.5590551181102362,5548.672566371682
mlp,"{'activation': 'relu', 'alpha': 0.0001, 'hidden_layer_sizes': (50, 100, 50), 'learning_rate': 'adaptive', 'solver': 'adam'}","[103, 8, 6]",0.601,0.6109979633401222,0.5905511811023622,5724.582338902148
nb,{'var_smoothing': 1e-09},"[103, 8, 6]",0.599,0.6498599439775911,0.4566929133858268,5898.5994397759105
ada,"{'algorithm': 'SAMME.R', 'learning_rate': 0.1, 'n_estimators': 100}","[103, 8, 6]",0.594,0.6473988439306358,0.4409448818897638,5954.621848739496
ert,"{'max_depth': 10, 'max_features': 'sqrt', 'min_samples_leaf': 2, 'min_samples_split': 10}","[103, 8, 6]",0.603,0.6495956873315364,0.4744094488188976,5274.125874125874
nb,{'var_smoothing': 1e-09},"[102, 6, 4, 105, 2]",0.623,0.6692506459948321,0.5098425196850394,5692.506459948321
mlp,"{'activation': 'relu', 'alpha': 0.0001, 'hidden_layer_sizes': (50, 100, 50), 'learning_rate': 'constant', 'solver': 'adam'}","[102, 6, 4, 105, 2]",0.646,0.6666666666666666,0.6062992125984252,5475.770925110132
lr,"{'C': 0.001, 'penalty': 'l2', 'solver': 'saga'}","[102, 6, 4, 105, 2]",0.539,0.5693215339233039,0.3799212598425197,4371.702637889688
ada,"{'algorithm': 'SAMME.R', 'learning_rate': 0.1, 'n_estimators': 200}","[102, 6, 4, 105, 2]",0.618,0.647887323943662,0.5433070866141733,5457.831325301205
ert,"{'max_depth': 10, 'max_features': 'sqrt', 'min_samples_leaf': 4, 'min_samples_split': 10}","[104, 105, 102, 2, 103]",0.665,0.6997690531177829,0.5964566929133859,5461.864406779661
qda,{},"[104, 105, 102, 2, 103]",0.653,0.6876456876456877,0.5807086614173228,5876.456876456877
knn,"{'n_neighbors': 9, 'p': 1, 'weights': 'uniform'}","[104, 105, 102, 2, 103]",0.604,0.6302325581395349,0.5334645669291339,5331.096196868009
gp,{},"[104, 105, 102, 2, 103]",0.652,0.6619433198380567,0.6437007874015748,5619.433198380567
knn,"{'n_neighbors': 9, 'p': 2, 'weights': 'distance'}","[8, 4, 103, 104, 5]",0.563,0.5823665893271461,0.4940944881889764,4645.161290322581
ada,"{'algorithm': 'SAMME.R', 'learning_rate': 0.5, 'n_estimators': 50}","[8, 4, 103, 104, 5]",0.61,0.6384976525821596,0.5354330708661418,5377.551020408163
mlp,"{'activation': 'relu', 'alpha': 0.0001, 'hidden_layer_sizes': (50, 100, 50), 'learning_rate': 'constant', 'solver': 'adam'}","[8, 4, 103, 104, 5]",0.633,0.6424242424242425,0.6259842519685039,5394.230769230769
ert,"{'max_depth': 10, 'max_features': 'sqrt', 'min_samples_leaf': 2, 'min_samples_split': 2}","[8, 4, 103, 104, 5]",0.615,0.6564885496183206,0.5078740157480315,5113.53711790393
qda,{},"[5, 8]",0.576,0.6206896551724138,0.4251968503937008,5806.896551724138
svm,"{'C': 10, 'gamma': 'scale', 'kernel': 'rbf'}","[5, 8]",0.576,0.6242603550295858,0.4153543307086614,5842.6035502958575
rf,"{'max_depth': 4, 'max_features': 'sqrt', 'min_samples_leaf': 2, 'min_samples_split': 2}","[5, 8]",0.546,0.5833333333333334,0.3720472440944882,5433.333333333334
knn,"{'n_neighbors': 7, 'p': 1, 'weights': 'uniform'}","[5, 8]",0.544,0.5570175438596491,0.5,4945.21158129176
mlp,"{'activation': 'relu', 'alpha': 0.0001, 'hidden_layer_sizes': (50, 50, 50), 'learning_rate': 'adaptive', 'solver': 'adam'}","[4, 8, 103, 102, 101, 104]",0.643,0.6589473684210526,0.6161417322834646,5224.116424116424
lr,"{'C': 0.001, 'penalty': 'l2', 'solver': 'saga'}","[4, 8, 103, 102, 101, 104]",0.53,0.564625850340136,0.326771653543307,3878.651685393258
qda,{},"[4, 8, 103, 102, 101, 104]",0.663,0.6938775510204082,0.6023622047244095,5738.775510204082
nb,{'var_smoothing': 1e-09},"[4, 8, 103, 102, 101, 104]",0.644,0.680952380952381,0.562992125984252,5609.52380952381
ert,"{'max_depth': 10, 'max_features': 'sqrt', 'min_samples_leaf': 4, 'min_samples_split': 5}","[100, 6, 8, 105, 101, 2]",0.659,0.6964705882352941,0.5826771653543307,5489.18918918919
lr,"{'C': 0.001, 'penalty': 'l2', 'solver': 'saga'}","[100, 6, 8, 105, 101, 2]",0.529,0.556923076923077,0.3562992125984252,4229.292929292929
rf,"{'max_depth': 6, 'max_features': 'sqrt', 'min_samples_leaf': 2, 'min_samples_split': 2}","[100, 6, 8, 105, 101, 2]",0.663,0.6956521739130435,0.5984251968503937,5756.521739130435
ada,"{'algorithm': 'SAMME.R', 'learning_rate': 0.1, 'n_estimators': 200}","[100, 6, 8, 105, 101, 2]",0.66,0.6900452488687783,0.6003937007874016,5407.142857142857
rf,"{'max_depth': 6, 'max_features': 'sqrt', 'min_samples_leaf': 10, 'min_samples_split': 2}","[5, 100, 2, 102]",0.627,0.6708860759493671,0.5216535433070866,5908.860759493671
ada,"{'algorithm': 'SAMME.R', 'learning_rate': 0.1, 'n_estimators': 100}","[5, 100, 2, 102]",0.624,0.6549295774647887,0.5492125984251969,5604.494382022472
lr,"{'C': 0.001, 'penalty': 'l2', 'solver': 'saga'}","[5, 100, 2, 102]",0.527,0.5777777777777777,0.2559055118110236,4417.391304347826
qda,{},"[5, 100, 2, 102]",0.636,0.6855670103092784,0.5236220472440944,6055.670103092783
xgb,"{'learning_rate': 0.01, 'max_depth': 3, 'n_estimators': 200, 'subsample': 0.8}","[104, 105]",0.609,0.656,0.484251968503937,6160.0
qda,{},"[104, 105]",0.606,0.6507936507936508,0.484251968503937,6107.936507936508
gp,{},"[104, 105]",0.596,0.6192660550458715,0.531496062992126,5792.660550458715
nb,{'var_smoothing': 1e-09},"[104, 105]",0.609,0.6551724137931034,0.4862204724409449,6151.724137931034
gp,{},"[101, 100, 3, 5, 4]",0.635,0.652452025586354,0.6023622047244095,5524.520255863539
ert,"{'max_depth': None, 'max_features': 'sqrt', 'min_samples_leaf': 4, 'min_samples_split': 5}","[101, 100, 3, 5, 4]",0.635,0.6557734204793029,0.59251968503937,5321.585903083701
mlp,"{'activation': 'relu', 'alpha': 0.05, 'hidden_layer_sizes': (50, 100, 50), 'learning_rate': 'adaptive', 'solver': 'adam'}","[101, 100, 3, 5, 4]",0.624,0.6404255319148936,0.59251968503937,5536.885245901639
ada,"{'algorithm': 'SAMME.R', 'learning_rate': 1.0, 'n_estimators': 100}","[101, 100, 3, 5, 4]",0.607,0.6286353467561522,0.5531496062992126,5333.333333333333
knn,"{'n_neighbors': 9, 'p': 2, 'weights': 'uniform'}","[100, 5, 105, 2, 8]",0.616,0.654228855721393,0.5177165354330708,5027.397260273972
rf,"{'max_depth': 6, 'max_features': 'sqrt', 'min_samples_leaf': 2, 'min_samples_split': 6}","[100, 5, 105, 2, 8]",0.645,0.6907730673316709,0.5452755905511811,5907.730673316709
ert,"{'max_depth': 10, 'max_features': 'sqrt', 'min_samples_leaf': 2, 'min_samples_split': 5}","[100, 5, 105, 2, 8]",0.651,0.7022900763358778,0.5433070866141733,5470.588235294118
ada,"{'algorithm': 'SAMME.R', 'learning_rate': 0.1, 'n_estimators': 200}","[100, 5, 105, 2, 8]",0.64,0.678743961352657,0.5531496062992126,5765.375854214123
ada,"{'algorithm': 'SAMME.R', 'learning_rate': 0.5, 'n_estimators': 50}","[101, 102, 3, 2, 8, 4, 104]",0.635,0.662870159453303,0.5728346456692913,4926.086956521739
gp,{},"[101, 102, 3, 2, 8, 4, 104]",0.635,0.6456211812627292,0.6240157480314961,5056.211812627292
rf,"{'max_depth': 6, 'max_features': 'sqrt', 'min_samples_leaf': 2, 'min_samples_split': 2}","[101, 102, 3, 2, 8, 4, 104]",0.639,0.6745843230403801,0.5590551181102362,5345.843230403801
ert,"{'max_depth': None, 'max_features': 'log2', 'min_samples_leaf': 2, 'min_samples_split': 5}","[101, 102, 3, 2, 8, 4, 104]",0.651,0.6673684210526316,0.6240157480314961,4982.978723404256
ada,"{'algorithm': 'SAMME.R', 'learning_rate': 0.1, 'n_estimators': 200}","[105, 2, 100, 6, 8, 3, 104]",0.669,0.7015945330296127,0.6062992125984252,5296.230598669624
rf,"{'max_depth': 6, 'max_features': 'sqrt', 'min_samples_leaf': 2, 'min_samples_split': 6}","[105, 2, 100, 6, 8, 3, 104]",0.671,0.7002237136465325,0.6161417322834646,5602.2371364653245
qda,{},"[105, 2, 100, 6, 8, 3, 104]",0.686,0.7287735849056604,0.6082677165354331,5887.735849056604
mlp,"{'activation': 'relu', 'alpha': 0.0001, 'hidden_layer_sizes': (50, 50, 50), 'learning_rate': 'constant', 'solver': 'adam'}","[105, 2, 100, 6, 8, 3, 104]",0.68,0.7146118721461188,0.6161417322834646,5461.167002012073
rf,"{'max_depth': 6, 'max_features': 'sqrt', 'min_samples_leaf': 10, 'min_samples_split': 2}","[102, 4, 103]",0.584,0.617948717948718,0.4744094488188976,5579.48717948718
qda,{},"[102, 4, 103]",0.592,0.6262626262626263,0.4881889763779528,5662.626262626263
knn,"{'n_neighbors': 9, 'p': 1, 'weights': 'uniform'}","[102, 4, 103]",0.566,0.5793991416309013,0.531496062992126,5077.966101694916
lr,"{'C': 0.001, 'penalty': 'l2', 'solver': 'saga'}","[102, 4, 103]",0.528,0.5687022900763359,0.2933070866141732,4615.3110047846885
ert,"{'max_depth': None, 'max_features': 'sqrt', 'min_samples_leaf': 2, 'min_samples_split': 10}","[100, 103, 8, 105, 101, 102, 4]",0.682,0.6923076923076923,0.6732283464566929,5549.891067538127
nb,{'var_smoothing': 1e-09},"[100, 103, 8, 105, 101, 102, 4]",0.667,0.700228832951945,0.6023622047244095,5602.288329519451
mlp,"{'activation': 'relu', 'alpha': 0.0001, 'hidden_layer_sizes': (50, 100, 50), 'learning_rate': 'adaptive', 'solver': 'adam'}","[100, 103, 8, 105, 101, 102, 4]",0.701,0.7069306930693069,0.702755905511811,5680.0
lr,"{'C': 0.001, 'penalty': 'l2', 'solver': 'saga'}","[100, 103, 8, 105, 101, 102, 4]",0.525,0.5478260869565217,0.3720472440944882,3900.0
nb,{'var_smoothing': 1e-09},"[4, 105, 103, 101]",0.624,0.6609756097560976,0.5334645669291339,5809.756097560976
ert,"{'max_depth': 10, 'max_features': 'sqrt', 'min_samples_leaf': 4, 'min_samples_split': 10}","[4, 105, 103, 101]",0.648,0.6813953488372093,0.5767716535433071,5539.869281045751
ada,"{'algorithm': 'SAMME.R', 'learning_rate': 0.5, 'n_estimators': 50}","[4, 105, 103, 101]",0.628,0.6531531531531531,0.5708661417322834,5647.368421052632
gp,{},"[4, 105, 103, 101]",0.638,0.6520833333333333,0.6161417322834646,5720.833333333333
xgb,"{'learning_rate': 0.1, 'max_depth': 3, 'n_estimators': 100, 'subsample': 0.8}","[6, 103, 104, 100, 3, 101]",0.662,0.683982683982684,0.6220472440944882,5639.82683982684
knn,"{'n_neighbors': 9, 'p': 2, 'weights': 'uniform'}","[6, 103, 104, 100, 3, 101]",0.631,0.6699266503667481,0.5393700787401575,4983.908045977011
mlp,"{'activation': 'relu', 'alpha': 0.0001, 'hidden_layer_sizes': (100,), 'learning_rate': 'constant', 'solver': 'adam'}","[6, 103, 104, 100, 3, 101]",0.66,0.6742738589211619,0.639763779527559,5445.435244161358
qda,{},"[6, 103, 104, 100, 3, 101]",0.668,0.6946902654867256,0.6181102362204725,5746.902654867256
rf,"{'max_depth': 6, 'max_features': 'sqrt', 'min_samples_leaf': 5, 'min_samples_split': 2}","[105, 101, 104]",0.632,0.6707317073170732,0.5413385826771654,6107.317073170732
xgb,"{'learning_rate': 0.01, 'max_depth': 4, 'n_estimators': 200, 'subsample': 0.8}","[105, 101, 104]",0.629,0.6604215456674473,0.5551181102362205,6004.215456674473
ada,"{'algorithm': 'SAMME.R', 'learning_rate': 0.5, 'n_estimators': 100}","[105, 101, 104]",0.617,0.642369020501139,0.5551181102362205,5793.088552915767
lr,"{'C': 0.001, 'penalty': 'l2', 'solver': 'saga'}","[105, 101, 104]",0.538,0.5709876543209876,0.3641732283464567,4921.628498727735
rf,"{'max_depth': 6, 'max_features': 'sqrt', 'min_samples_leaf': 10, 'min_samples_split': 2}","[102, 5, 8, 105, 104]",0.644,0.6674008810572687,0.5964566929133859,5674.008810572687
mlp,"{'activation': 'relu', 'alpha': 0.05, 'hidden_layer_sizes': (50, 100, 50), 'learning_rate': 'constant', 'solver': 'adam'}","[102, 5, 8, 105, 104]",0.663,0.6895787139689579,0.6122047244094488,6009.803921568627
gp,{},"[102, 5, 8, 105, 104]",0.671,0.6868475991649269,0.6476377952755905,5868.4759916492685
knn,"{'n_neighbors': 9, 'p': 1, 'weights': 'uniform'}","[102, 5, 8, 105, 104]",0.602,0.627906976744186,0.531496062992126,5157.205240174672
ert,"{'max_depth': None, 'max_features': 'sqrt', 'min_samples_leaf': 2, 'min_samples_split': 10}","[5, 4, 103, 8, 100, 102, 6]",0.658,0.6781115879828327,0.6220472440944882,5470.748299319728
ada,"{'algorithm': 'SAMME.R', 'learning_rate': 0.5, 'n_estimators': 100}","[5, 4, 103, 8, 100, 102, 6]",0.65,0.6724890829694323,0.6062992125984252,5259.574468085107
qda,{},"[5, 4, 103, 8, 100, 102, 6]",0.685,0.7158836689038032,0.6299212598425197,5758.836689038032
mlp,"{'activation': 'relu', 'alpha': 0.0001, 'hidden_layer_sizes': (50, 100, 50), 'learning_rate': 'adaptive', 'solver': 'adam'}","[5, 4, 103, 8, 100, 102, 6]",0.664,0.7182741116751269,0.5570866141732284,5367.676767676768
knn,"{'n_neighbors': 9, 'p': 2, 'weights': 'uniform'}","[5, 100, 104]",0.571,0.5807770961145194,0.5590551181102362,5091.382765531062
xgb,"{'learning_rate': 0.1, 'max_depth': 3, 'n_estimators': 100, 'subsample': 0.8}","[5, 100, 104]",0.62,0.6409691629955947,0.5728346456692913,5809.691629955947
ada,"{'algorithm': 'SAMME.R', 'learning_rate': 0.1, 'n_estimators': 100}","[5, 100, 104]",0.611,0.6454767726161369,0.5196850393700787,5594.0298507462685
svm,"{'C': 0.1, 'gamma': 'scale', 'kernel': 'rbf'}","[5, 100, 104]",0.63,0.6533333333333333,0.5787401574803149,5933.333333333333
mlp,"{'activation': 'relu', 'alpha': 0.0001, 'hidden_layer_sizes': (50, 100, 50), 'learning_rate': 'adaptive', 'solver': 'adam'}","[100, 6, 3, 4, 8, 101]",0.647,0.6659528907922913,0.6122047244094488,5124.626865671642
nb,{'var_smoothing': 1e-09},"[100, 6, 3, 4, 8, 101]",0.608,0.6542553191489362,0.484251968503937,5342.553191489362
xgb,"{'learning_rate': 0.01, 'max_depth': 4, 'n_estimators': 300, 'subsample': 0.8}","[100, 6, 3, 4, 8, 101]",0.629,0.6658595641646489,0.5413385826771654,5458.595641646489
svm,"{'C': 1, 'gamma': 'scale', 'kernel': 'rbf'}","[100, 6, 3, 4, 8, 101]",0.636,0.6698113207547169,0.5590551181102362,5498.11320754717
ada,"{'algorithm': 'SAMME', 'learning_rate': 1.0, 'n_estimators': 200}","[101, 5]",0.576,0.5933333333333334,0.5255905511811023,5545.273631840796
rf,"{'max_depth': 6, 'max_features': 'sqrt', 'min_samples_leaf': 10, 'min_samples_split': 2}","[101, 5]",0.57,0.5902777777777778,0.5019685039370079,5502.777777777778
gp,{},"[101, 5]",0.584,0.6105769230769231,0.5,5705.769230769231
ert,"{'max_depth': 10, 'max_features': 'log2', 'min_samples_leaf': 4, 'min_samples_split': 2}","[101, 5]",0.577,0.5981524249422633,0.5098425196850394,5036.681222707423
knn,"{'n_neighbors': 7, 'p': 1, 'weights': 'uniform'}","[3, 103, 100]",0.578,0.5914893617021276,0.547244094488189,5102.127659574468
svm,"{'C': 0.1, 'gamma': 'scale', 'kernel': 'rbf'}","[3, 103, 100]",0.625,0.6507936507936508,0.5649606299212598,5907.936507936508
lr,"{'C': 0.1, 'penalty': 'l1', 'solver': 'saga'}","[3, 103, 100]",0.505,0.5176151761517616,0.3759842519685039,4458.0046403712295
mlp,"{'activation': 'relu', 'alpha': 0.0001, 'hidden_layer_sizes': (50, 50, 50), 'learning_rate': 'adaptive', 'solver': 'adam'}","[3, 103, 100]",0.624,0.6666666666666666,0.5196850393700787,5888.372093023256
xgb,"{'learning_rate': 0.01, 'max_depth': 5, 'n_estimators': 300, 'subsample': 0.8}","[102, 104, 101, 6, 8]",0.63,0.6513157894736842,0.5846456692913385,5513.157894736842
svm,"{'C': 0.1, 'gamma': 'scale', 'kernel': 'rbf'}","[102, 104, 101, 6, 8]",0.643,0.6513026052104208,0.639763779527559,5513.026052104208
ert,"{'max_depth': 20, 'max_features': 'sqrt', 'min_samples_leaf': 4, 'min_samples_split': 2}","[102, 104, 101, 6, 8]",0.64,0.6567796610169492,0.610236220472441,5263.498920086393
nb,{'var_smoothing': 1e-09},"[102, 104, 101, 6, 8]",0.648,0.6857142857142857,0.5669291338582677,5857.142857142857
xgb,"{'learning_rate': 0.01, 'max_depth': 5, 'n_estimators': 300, 'subsample': 0.8}","[8, 6, 104, 2, 100, 101]",0.648,0.6813953488372093,0.5767716535433071,5613.9534883720935
knn,"{'n_neighbors': 9, 'p': 1, 'weights': 'uniform'}","[8, 6, 104, 2, 100, 101]",0.601,0.6359102244389028,0.5019685039370079,5118.289786223278
gp,{},"[8, 6, 104, 2, 100, 101]",0.661,0.6778947368421052,0.6338582677165354,5578.9473684210525
ert,"{'max_depth': None, 'max_features': 'log2', 'min_samples_leaf': 2, 'min_samples_split': 10}","[8, 6, 104, 2, 100, 101]",0.646,0.6703539823008849,0.5964566929133859,5278.555304740406
mlp,"{'activation': 'relu', 'alpha': 0.05, 'hidden_layer_sizes': (50, 50, 50), 'learning_rate': 'adaptive', 'solver': 'adam'}","[105, 103, 3, 2, 102, 101]",0.672,0.6882845188284519,0.6476377952755905,5347.406082289803
xgb,"{'learning_rate': 0.1, 'max_depth': 4, 'n_estimators': 100, 'subsample': 0.8}","[105, 103, 3, 2, 102, 101]",0.652,0.6716738197424893,0.6161417322834646,5516.738197424893
svm,"{'C': 1, 'gamma': 'scale', 'kernel': 'rbf'}","[105, 103, 3, 2, 102, 101]",0.677,0.6931106471816284,0.6535433070866141,5731.106471816284
knn,"{'n_neighbors': 9, 'p': 1, 'weights': 'distance'}","[105, 103, 3, 2, 102, 101]",0.612,0.6351351351351351,0.5551181102362205,5022.707423580786
qda,{},"[8, 100, 6, 101, 5, 102]",0.677,0.7107061503416856,0.6141732283464567,5907.061503416856
lr,"{'C': 0.001, 'penalty': 'l2', 'solver': 'saga'}","[8, 100, 6, 101, 5, 102]",0.531,0.5836909871244635,0.2677165354330709,4156.265356265356
xgb,"{'learning_rate': 0.1, 'max_depth': 3, 'n_estimators': 100, 'subsample': 1.0}","[8, 100, 6, 101, 5, 102]",0.645,0.665943600867679,0.6043307086614174,5459.43600867679
rf,"{'max_depth': 6, 'max_features': 'sqrt', 'min_samples_leaf': 2, 'min_samples_split': 2}","[8, 100, 6, 101, 5, 102]",0.662,0.6855895196506551,0.6181102362204725,5655.895196506551
qda,{},"[5, 3, 2, 6]",0.599,0.6404199475065617,0.4803149606299212,5604.199475065618
nb,{'var_smoothing': 1e-09},"[5, 3, 2, 6]",0.572,0.6234567901234568,0.3976377952755905,5434.567901234568
rf,"{'max_depth': 6, 'max_features': 'sqrt', 'min_samples_leaf': 2, 'min_samples_split': 2}","[5, 3, 2, 6]",0.554,0.5861111111111111,0.4153543307086614,5061.111111111111
mlp,"{'activation': 'relu', 'alpha': 0.0001, 'hidden_layer_sizes': (50, 100, 50), 'learning_rate': 'constant', 'solver': 'adam'}","[5, 3, 2, 6]",0.599,0.6515580736543909,0.452755905511811,5401.716738197425
ert,"{'max_depth': 10, 'max_features': 'sqrt', 'min_samples_leaf': 4, 'min_samples_split': 10}","[105, 6, 3, 8, 103]",0.618,0.655940594059406,0.5216535433070866,5040.268456375839
qda,{},"[105, 6, 3, 8, 103]",0.636,0.6773399014778325,0.5413385826771654,5773.399014778325
knn,"{'n_neighbors': 9, 'p': 2, 'weights': 'distance'}","[105, 6, 3, 8, 103]",0.583,0.6045977011494252,0.5177165354330708,5026.490066225165
gp,{},"[105, 6, 3, 8, 103]",0.638,0.658695652173913,0.5964566929133859,5586.95652173913
ert,"{'max_depth': None, 'max_features': 'log2', 'min_samples_leaf': 4, 'min_samples_split': 5}","[5, 2, 101]",0.589,0.6180048661800487,0.5,4779.609544468546
qda,{},"[5, 2, 101]",0.592,0.6329787234042553,0.468503937007874,5729.787234042553
mlp,"{'activation': 'relu', 'alpha': 0.05, 'hidden_layer_sizes': (50, 100, 50), 'learning_rate': 'adaptive', 'solver': 'adam'}","[5, 2, 101]",0.595,0.604040404040404,0.5885826771653543,5608.530805687204
gp,{},"[5, 2, 101]",0.595,0.6194895591647331,0.5255905511811023,5594.8955916473315
lr,"{'C': 0.001, 'penalty': 'l2', 'solver': 'saga'}","[2, 100, 101, 4, 105]",0.535,0.5669781931464174,0.358267716535433,4277.108433734939
mlp,"{'activation': 'relu', 'alpha': 0.05, 'hidden_layer_sizes': (50, 50, 50), 'learning_rate': 'adaptive', 'solver': 'adam'}","[2, 100, 101, 4, 105]",0.631,0.6349514563106796,0.6437007874015748,5608.8631984585745
xgb,"{'learning_rate': 0.1, 'max_depth': 3, 'n_estimators': 100, 'subsample': 0.8}","[2, 100, 101, 4, 105]",0.646,0.6696035242290749,0.5984251968503937,5696.035242290749
ada,"{'algorithm': 'SAMME.R', 'learning_rate': 0.1, 'n_estimators': 200}","[2, 100, 101, 4, 105]",0.66,0.6834061135371179,0.6161417322834646,5517.0940170940175
lr,"{'C': 0.001, 'penalty': 'l2', 'solver': 'saga'}","[8, 6, 102]",0.523,0.5670995670995671,0.2578740157480315,4761.111111111111
ada,"{'algorithm': 'SAMME', 'learning_rate': 1.0, 'n_estimators': 100}","[8, 6, 102]",0.593,0.6414565826330533,0.4507874015748031,5788.140161725068
nb,{'var_smoothing': 1e-09},"[8, 6, 102]",0.599,0.6465753424657534,0.4645669291338583,5865.753424657534
svm,"{'C': 0.1, 'gamma': 'scale', 'kernel': 'rbf'}","[8, 6, 102]",0.606,0.654054054054054,0.4763779527559055,5940.54054054054
lr,"{'C': 0.001, 'penalty': 'l2', 'solver': 'saga'}","[5, 103, 104, 100, 6, 102, 4]",0.515,0.5400696864111498,0.3051181102362205,3748.063781321185
xgb,"{'learning_rate': 0.1, 'max_depth': 4, 'n_estimators': 100, 'subsample': 1.0}","[5, 103, 104, 100, 6, 102, 4]",0.658,0.6781115879828327,0.6220472440944882,5381.115879828327
mlp,"{'activation': 'relu', 'alpha': 0.0001, 'hidden_layer_sizes': (50, 100, 50), 'learning_rate': 'adaptive', 'solver': 'adam'}","[5, 103, 104, 100, 6, 102, 4]",0.681,0.691683569979716,0.6712598425196851,5326.546906187625
qda,{},"[5, 103, 104, 100, 6, 102, 4]",0.684,0.7171945701357466,0.6240157480314961,5771.9457013574665
knn,"{'n_neighbors': 9, 'p': 2, 'weights': 'uniform'}","[102, 4, 5, 103, 105]",0.597,0.6258992805755396,0.5137795275590551,5077.097505668935
xgb,"{'learning_rate': 0.1, 'max_depth': 3, 'n_estimators': 100, 'subsample': 0.8}","[102, 4, 5, 103, 105]",0.624,0.6447368421052632,0.5787401574803149,5447.368421052632
gp,{},"[102, 4, 5, 103, 105]",0.641,0.6623093681917211,0.5984251968503937,5623.093681917211
rf,"{'max_depth': 6, 'max_features': 'sqrt', 'min_samples_leaf': 5, 'min_samples_split': 2}","[102, 4, 5, 103, 105]",0.631,0.6583143507972665,0.5688976377952756,5583.143507972665
ada,"{'algorithm': 'SAMME', 'learning_rate': 1.0, 'n_estimators': 200}","[8, 101, 100, 102, 4, 6]",0.637,0.6572668112798264,0.5964566929133859,5264.435146443515
rf,"{'max_depth': 6, 'max_features': 'sqrt', 'min_samples_leaf': 5, 'min_samples_split': 2}","[8, 101, 100, 102, 4, 6]",0.656,0.6774891774891775,0.6161417322834646,5574.891774891775
ert,"{'max_depth': None, 'max_features': 'sqrt', 'min_samples_leaf': 4, 'min_samples_split': 10}","[8, 101, 100, 102, 4, 6]",0.656,0.6729957805907173,0.6279527559055118,5369.506726457399
qda,{},"[8, 101, 100, 102, 4, 6]",0.677,0.7116704805491991,0.6122047244094488,5916.7048054919915
xgb,"{'learning_rate': 0.1, 'max_depth': 3, 'n_estimators': 100, 'subsample': 0.8}","[101, 6, 105, 2, 103]",0.648,0.6741071428571429,0.594488188976378,5741.071428571429
lr,"{'C': 0.001, 'penalty': 'l2', 'solver': 'saga'}","[101, 6, 105, 2, 103]",0.518,0.5391566265060241,0.3523622047244094,4182.481751824818
ada,"{'algorithm': 'SAMME.R', 'learning_rate': 0.5, 'n_estimators': 200}","[101, 6, 105, 2, 103]",0.631,0.6568848758465011,0.5728346456692913,5521.739130434783
rf,"{'max_depth': 6, 'max_features': 'sqrt', 'min_samples_leaf': 10, 'min_samples_split': 2}","[101, 6, 105, 2, 103]",0.634,0.6682464454976303,0.5551181102362205,5682.464454976303
svm,"{'C': 0.1, 'gamma': 'scale', 'kernel': 'rbf'}","[103, 102, 100, 105, 8]",0.675,0.6776699029126214,0.687007874015748,5776.699029126215
ada,"{'algorithm': 'SAMME.R', 'learning_rate': 0.5, 'n_estimators': 100}","[103, 102, 100, 105, 8]",0.669,0.695364238410596,0.6200787401574803,5794.871794871795
lr,"{'C': 0.001, 'penalty': 'l2', 'solver': 'saga'}","[103, 102, 100, 105, 8]",0.521,0.5422740524781341,0.3661417322834646,4265.700483091788
rf,"{'max_depth': 6, 'max_features': 'sqrt', 'min_samples_leaf': 2, 'min_samples_split': 2}","[103, 102, 100, 105, 8]",0.664,0.6869565217391305,0.6220472440944882,5869.565217391305
xgb,"{'learning_rate': 0.01, 'max_depth': 4, 'n_estimators': 300, 'subsample': 0.8}","[103, 6, 5, 100, 101, 8, 104]",0.656,0.6782608695652174,0.6141732283464567,5382.608695652174
nb,{'var_smoothing': 1e-09},"[103, 6, 5, 100, 101, 8, 104]",0.645,0.6907730673316709,0.5452755905511811,5507.730673316709
knn,"{'n_neighbors': 7, 'p': 2, 'weights': 'uniform'}","[103, 6, 5, 100, 101, 8, 104]",0.598,0.6232558139534884,0.5275590551181102,4753.846153846154
rf,"{'max_depth': 6, 'max_features': 'sqrt', 'min_samples_leaf': 5, 'min_samples_split': 2}","[103, 6, 5, 100, 101, 8, 104]",0.651,0.6836027713625866,0.5826771653543307,5436.027713625866
knn,"{'n_neighbors': 9, 'p': 1, 'weights': 'distance'}","[2, 6, 8, 5]",0.557,0.5717439293598234,0.5098425196850394,4988.336933045356
svm,"{'C': 10, 'gamma': 'scale', 'kernel': 'rbf'}","[2, 6, 8, 5]",0.606,0.6557377049180327,0.4724409448818897,5757.377049180327
lr,"{'C': 0.001, 'penalty': 'l2', 'solver': 'saga'}","[2, 6, 8, 5]",0.519,0.5754189944134078,0.202755905511811,4598.550724637681
gp,{},"[2, 6, 8, 5]",0.598,0.6424731182795699,0.4704724409448819,5624.731182795699
nb,{'var_smoothing': 1e-09},"[2, 4, 6, 100, 5]",0.588,0.6318681318681318,0.452755905511811,5318.681318681319
qda,{},"[2, 4, 6, 100, 5]",0.641,0.6821515892420538,0.5492125984251969,5821.515892420538
lr,"{'C': 0.001, 'penalty': 'l2', 'solver': 'saga'}","[2, 4, 6, 100, 5]",0.497,0.5172413793103449,0.1476377952755905,4118.110236220472
rf,"{'max_depth': 6, 'max_features': 'sqrt', 'min_samples_leaf': 2, 'min_samples_split': 2}","[2, 4, 6, 100, 5]",0.597,0.6454293628808865,0.4586614173228346,5454.293628808865
gp,{},"[6, 104, 5, 102, 100]",0.66,0.675,0.6377952755905512,5750.0
ada,"{'algorithm': 'SAMME', 'learning_rate': 1.0, 'n_estimators': 200}","[6, 104, 5, 102, 100]",0.617,0.6470588235294118,0.5413385826771654,5563.245823389021
xgb,"{'learning_rate': 0.1, 'max_depth': 3, 'n_estimators': 200, 'subsample': 0.8}","[6, 104, 5, 102, 100]",0.626,0.6509009009009009,0.5688976377952756,5509.009009009009
qda,{},"[6, 104, 5, 102, 100]",0.665,0.6961451247165533,0.6043307086614174,5961.4512471655335
ert,"{'max_depth': 20, 'max_features': 'log2', 'min_samples_leaf': 2, 'min_samples_split': 10}","[102, 6, 3, 100, 101, 105, 8]",0.681,0.6956521739130435,0.6614173228346457,5317.7242888402625
nb,{'var_smoothing': 1e-09},"[102, 6, 3, 100, 101, 105, 8]",0.66,0.7048780487804878,0.5688976377952756,5648.780487804877
knn,"{'n_neighbors': 7, 'p': 2, 'weights': 'uniform'}","[102, 6, 3, 100, 101, 105, 8]",0.621,0.6632911392405063,0.515748031496063,5306.443914081146
rf,"{'max_depth': 6, 'max_features': 'sqrt', 'min_samples_leaf': 2, 'min_samples_split': 2}","[102, 6, 3, 100, 101, 105, 8]",0.676,0.7072072072072072,0.6181102362204725,5672.072072072072
ert,"{'max_depth': 10, 'max_features': 'log2', 'min_samples_leaf': 1, 'min_samples_split': 5}","[4, 105, 6, 101, 104]",0.653,0.6912114014251781,0.5728346456692913,5565.217391304348
lr,"{'C': 0.001, 'penalty': 'l2', 'solver': 'saga'}","[4, 105, 6, 101, 104]",0.55,0.5917721518987342,0.3681102362204724,4416.666666666666
qda,{},"[4, 105, 6, 101, 104]",0.643,0.6751740139211136,0.5728346456692913,5751.740139211137
gp,{},"[4, 105, 6, 101, 104]",0.655,0.6666666666666666,0.6417322834645669,5666.666666666666
gp,{},"[2, 100, 8]",0.626,0.6634146341463415,0.5354330708661418,6034.146341463415
nb,{'var_smoothing': 1e-09},"[2, 100, 8]",0.617,0.6721763085399449,0.4803149606299212,6121.76308539945
xgb,"{'learning_rate': 0.01, 'max_depth': 4, 'n_estimators': 100, 'subsample': 0.8}","[2, 100, 8]",0.604,0.6637426900584795,0.4468503937007874,6037.4269005847955
svm,"{'C': 0.1, 'gamma': 'scale', 'kernel': 'rbf'}","[2, 100, 8]",0.619,0.6657963446475196,0.5019685039370079,6057.963446475196
knn,"{'n_neighbors': 9, 'p': 2, 'weights': 'uniform'}","[102, 8, 2, 100, 4, 105]",0.629,0.6596736596736597,0.5570866141732284,5028.448275862069
rf,"{'max_depth': 6, 'max_features': 'sqrt', 'min_samples_leaf': 5, 'min_samples_split': 2}","[102, 8, 2, 100, 4, 105]",0.669,0.6878980891719745,0.6377952755905512,5678.980891719745
gp,{},"[102, 8, 2, 100, 4, 105]",0.677,0.6931106471816284,0.6535433070866141,5731.106471816284
xgb,"{'learning_rate': 0.1, 'max_depth': 3, 'n_estimators': 100, 'subsample': 1.0}","[102, 8, 2, 100, 4, 105]",0.658,0.6860986547085202,0.6023622047244095,5660.986547085202
nb,{'var_smoothing': 1e-09},"[102, 104, 8, 103, 3, 6]",0.643,0.6864197530864198,0.547244094488189,5664.197530864198
gp,{},"[102, 104, 8, 103, 3, 6]",0.642,0.6549586776859504,0.6240157480314961,5349.5867768595035
knn,"{'n_neighbors': 5, 'p': 2, 'weights': 'distance'}","[102, 104, 8, 103, 3, 6]",0.593,0.6105032822757112,0.5492125984251969,4913.53711790393
lr,"{'C': 0.001, 'penalty': 'l2', 'solver': 'saga'}","[102, 104, 8, 103, 3, 6]",0.52,0.5411764705882353,0.3622047244094488,3920.1923076923076
svm,"{'C': 1, 'gamma': 'scale', 'kernel': 'rbf'}","[103, 2, 104, 3]",0.626,0.6735751295336787,0.5118110236220472,5935.751295336787
ert,"{'max_depth': 10, 'max_features': 'sqrt', 'min_samples_leaf': 2, 'min_samples_split': 10}","[103, 2, 104, 3]",0.615,0.6556962025316456,0.5098425196850394,4962.004175365344
rf,"{'max_depth': 6, 'max_features': 'sqrt', 'min_samples_leaf': 5, 'min_samples_split': 2}","[103, 2, 104, 3]",0.609,0.6466165413533834,0.5078740157480315,5666.165413533834
mlp,"{'activation': 'relu', 'alpha': 0.05, 'hidden_layer_sizes': (50, 100, 50), 'learning_rate': 'adaptive', 'solver': 'adam'}","[103, 2, 104, 3]",0.624,0.6473214285714286,0.5708661417322834,5614.253897550112
knn,"{'n_neighbors': 9, 'p': 1, 'weights': 'distance'}","[4, 102, 5, 6, 101, 3]",0.607,0.6385542168674698,0.5216535433070866,4893.75
gp,{},"[4, 102, 5, 6, 101, 3]",0.614,0.6326086956521739,0.5728346456692913,5126.086956521739
svm,"{'C': 1, 'gamma': 'scale', 'kernel': 'rbf'}","[4, 102, 5, 6, 101, 3]",0.624,0.6534883720930232,0.5531496062992126,5334.883720930233
mlp,"{'activation': 'relu', 'alpha': 0.05, 'hidden_layer_sizes': (50, 50, 50), 'learning_rate': 'adaptive', 'solver': 'adam'}","[4, 102, 5, 6, 101, 3]",0.624,0.6534883720930232,0.5531496062992126,5194.230769230769
gp,{},"[5, 2]",0.561,0.5977337110481586,0.4153543307086614,5577.337110481586
lr,"{'C': 0.1, 'penalty': 'l1', 'solver': 'saga'}","[5, 2]",0.5,0.5333333333333333,0.1259842519685039,5220.43795620438
nb,{'var_smoothing': 1e-09},"[5, 2]",0.558,0.603125,0.3799212598425197,5631.25
mlp,"{'activation': 'relu', 'alpha': 0.0001, 'hidden_layer_sizes': (50, 100, 50), 'learning_rate': 'constant', 'solver': 'adam'}","[5, 2]",0.565,0.5871121718377088,0.484251968503937,5575.103734439834
xgb,"{'learning_rate': 0.01, 'max_depth': 3, 'n_estimators': 300, 'subsample': 0.8}","[104, 100]",0.607,0.648578811369509,0.4940944881889764,6085.78811369509
rf,"{'max_depth': 6, 'max_features': 'sqrt', 'min_samples_leaf': 2, 'min_samples_split': 2}","[104, 100]",0.609,0.6551724137931034,0.4862204724409449,6151.724137931034
ada,"{'algorithm': 'SAMME.R', 'learning_rate': 0.5, 'n_estimators': 100}","[104, 100]",0.601,0.6372795969773299,0.4980314960629921,5993.034825870647
qda,{},"[104, 100]",0.617,0.6582278481012658,0.5118110236220472,6182.278481012658
rf,"{'max_depth': 6, 'max_features': 'sqrt', 'min_samples_leaf': 2, 'min_samples_split': 2}","[104, 103, 4, 102, 6, 8]",0.639,0.6651685393258427,0.5826771653543307,5451.685393258427
svm,"{'C': 0.1, 'gamma': 'scale', 'kernel': 'rbf'}","[104, 103, 4, 102, 6, 8]",0.646,0.663135593220339,0.6161417322834646,5431.35593220339
lr,"{'C': 0.001, 'penalty': 'l2', 'solver': 'saga'}","[104, 103, 4, 102, 6, 8]",0.528,0.5596026490066225,0.3326771653543307,4032.5581395348845
knn,"{'n_neighbors': 9, 'p': 2, 'weights': 'distance'}","[104, 103, 4, 102, 6, 8]",0.608,0.636150234741784,0.5334645669291339,5233.408577878104
xgb,"{'learning_rate': 0.01, 'max_depth': 3, 'n_estimators': 200, 'subsample': 0.8}","[105, 104]",0.609,0.656,0.484251968503937,6160.0
rf,"{'max_depth': 4, 'max_features': 'sqrt', 'min_samples_leaf': 10, 'min_samples_split': 2}","[105, 104]",0.618,0.6820809248554913,0.4645669291338583,6420.809248554913
knn,"{'n_neighbors': 9, 'p': 2, 'weights': 'uniform'}","[105, 104]",0.564,0.573170731707317,0.5551181102362205,5209.756097560976
mlp,"{'activation': 'relu', 'alpha': 0.05, 'hidden_layer_sizes': (50, 50, 50), 'learning_rate': 'adaptive', 'solver': 'adam'}","[105, 104]",0.602,0.625,0.5413385826771654,6007.035175879398
gp,{},"[100, 2]",0.595,0.6290726817042607,0.4940944881889764,5890.726817042607
svm,"{'C': 1, 'gamma': 'scale', 'kernel': 'rbf'}","[100, 2]",0.603,0.6761904761904762,0.4192913385826771,6361.904761904762
qda,{},"[100, 2]",0.6,0.6508379888268156,0.4586614173228346,6108.379888268157
knn,"{'n_neighbors': 5, 'p': 2, 'weights': 'uniform'}","[100, 2]",0.581,0.592901878914405,0.5590551181102362,5529.01878914405
knn,"{'n_neighbors': 9, 'p': 2, 'weights': 'uniform'}","[103, 104]",0.526,0.5344129554655871,0.5196850393700787,4889.57528957529
lr,"{'C': 0.01, 'penalty': 'l2', 'solver': 'saga'}","[103, 104]",0.527,0.5522388059701493,0.3641732283464567,5026.136363636364
qda,{},"[103, 104]",0.567,0.5984251968503937,0.4488188976377952,5584.251968503938
mlp,"{'activation': 'relu', 'alpha': 0.0001, 'hidden_layer_sizes': (50, 100, 50), 'learning_rate': 'adaptive', 'solver': 'adam'}","[103, 104]",0.56,0.585,0.4606299212598425,5541.644562334217
xgb,"{'learning_rate': 0.01, 'max_depth': 3, 'n_estimators': 200, 'subsample': 0.8}","[100, 8]",0.606,0.6637931034482759,0.4547244094488189,6237.931034482759
ert,"{'max_depth': 10, 'max_features': 'log2', 'min_samples_leaf': 4, 'min_samples_split': 10}","[100, 8]",0.617,0.6721763085399449,0.4803149606299212,5207.675906183369
lr,"{'C': 0.001, 'penalty': 'l2', 'solver': 'saga'}","[100, 8]",0.499,0.5454545454545454,0.0826771653543307,4959.712230215828
rf,"{'max_depth': 6, 'max_features': 'sqrt', 'min_samples_leaf': 2, 'min_samples_split': 6}","[100, 8]",0.605,0.6676557863501483,0.4429133858267716,6276.557863501484
ert,"{'max_depth': 20, 'max_features': 'log2', 'min_samples_leaf': 2, 'min_samples_split': 10}","[2, 100, 105, 8, 5, 103, 3]",0.656,0.6790393013100436,0.6122047244094488,5244.144144144144
qda,{},"[2, 100, 105, 8, 5, 103, 3]",0.69,0.725,0.6279527559055118,5850.0
knn,"{'n_neighbors': 9, 'p': 1, 'weights': 'distance'}","[2, 100, 105, 8, 5, 103, 3]",0.631,0.6805194805194805,0.515748031496063,4776.470588235295
mlp,"{'activation': 'relu', 'alpha': 0.05, 'hidden_layer_sizes': (50, 100, 50), 'learning_rate': 'adaptive', 'solver': 'adam'}","[2, 100, 105, 8, 5, 103, 3]",0.667,0.6940133037694013,0.6161417322834646,5586.301369863014
ert,"{'max_depth': 10, 'max_features': 'sqrt', 'min_samples_leaf': 4, 'min_samples_split': 5}","[2, 8, 3, 100, 105, 5, 101]",0.649,0.6938271604938272,0.5531496062992126,5319.457013574661
rf,"{'max_depth': 6, 'max_features': 'sqrt', 'min_samples_leaf': 5, 'min_samples_split': 2}","[2, 8, 3, 100, 105, 5, 101]",0.658,0.6804347826086956,0.6161417322834646,5404.347826086956
ada,"{'algorithm': 'SAMME', 'learning_rate': 1.0, 'n_estimators': 200}","[2, 8, 3, 100, 105, 5, 101]",0.644,0.6666666666666666,0.5984251968503937,5126.315789473684
lr,"{'C': 0.1, 'penalty': 'l1', 'solver': 'saga'}","[2, 8, 3, 100, 105, 5, 101]",0.516,0.5314136125654451,0.3996062992125984,3819.399538106235
svm,"{'C': 0.1, 'gamma': 'scale', 'kernel': 'rbf'}","[4, 103, 2, 104, 100]",0.65,0.659919028340081,0.6417322834645669,5599.19028340081
gp,{},"[4, 103, 2, 104, 100]",0.665,0.6790890269151139,0.6456692913385826,5790.890269151138
knn,"{'n_neighbors': 9, 'p': 1, 'weights': 'distance'}","[4, 103, 2, 104, 100]",0.599,0.6145610278372591,0.5649606299212598,4836.575875486382
nb,{'var_smoothing': 1e-09},"[4, 103, 2, 104, 100]",0.64,0.6778846153846154,0.5551181102362205,5778.846153846154
